new_word,freq,ratio,category,week,date1,date2
동일집단,12,0.0011727912431587178,사회,1주차,20220102,20220108
유전자증폭검사,14,0.0013682564503518374,사회,1주차,20220102,20220108
건축주가,7,0.0006841282251759187,사회,1주차,20220102,20220108
연약지반,6,0.0005863956215793589,사회,1주차,20220102,20220108
조례안이,10,0.000977326035965598,사회,1주차,20220102,20220108
외국인인권전문위원회,9,0.0008795934323690383,사회,1주차,20220102,20220108
전산장비,7,0.0006841282251759187,사회,1주차,20220102,20220108
사업주가,9,0.0008795934323690383,사회,1주차,20220102,20220108
건물입주자,23,0.0022478498827208757,사회,1주차,20220102,20220108
하루평균,8,0.0007818608287724785,사회,1주차,20220102,20220108
스포츠경기장,9,0.0008795934323690383,사회,1주차,20220102,20220108
출입명부,56,0.00547302580140735,사회,1주차,20220102,20220108
DB금지,6,0.0005863956215793589,사회,1주차,20220102,20220108
구름많음,7,0.0006841282251759187,사회,1주차,20220102,20220108
관련기사,15,0.0014659890539483972,사회,1주차,20220102,20220108
사회관계망서비스,56,0.00547302580140735,사회,1주차,20220102,20220108
치료역량,7,0.0006841282251759187,사회,1주차,20220102,20220108
예방의학교실,16,0.001563721657544957,사회,1주차,20220102,20220108
강요미수,12,0.0011727912431587178,사회,1주차,20220102,20220108
확장현실,8,0.0007818608287724785,사회,1주차,20220102,20220108
전문가가,17,0.0016614542611415168,사회,1주차,20220102,20220108
첨단제조,9,0.0008795934323690383,사회,1주차,20220102,20220108
존속협박,9,0.0008795934323690383,사회,1주차,20220102,20220108
후생복지,8,0.0007818608287724785,사회,1주차,20220102,20220108
바이오전문,6,0.0005863956215793589,사회,1주차,20220102,20220108
행동연대,18,0.0017591868647380765,사회,1주차,20220102,20220108
연내제정,10,0.000977326035965598,사회,1주차,20220102,20220108
관리지원,7,0.0006841282251759187,사회,1주차,20220102,20220108
안전보건관리체계,10,0.000977326035965598,사회,1주차,20220102,20220108
정보대학원,11,0.0010750586395621578,사회,1주차,20220102,20220108
조립금속기계,6,0.0005863956215793589,사회,1주차,20220102,20220108
전기전자통신,6,0.0005863956215793589,사회,1주차,20220102,20220108
기획조정본부장,6,0.0005863956215793589,사회,1주차,20220102,20220108
교육파견,9,0.0008795934323690383,사회,1주차,20220102,20220108
집행정치,7,0.0006841282251759187,사회,1주차,20220102,20220108
금남지구대,6,0.0005863956215793589,사회,1주차,20220102,20220108
하청회사,14,0.0013682564503518374,사회,1주차,20220102,20220108
재해대책수요,6,0.0005863956215793589,사회,1주차,20220102,20220108
엔진정비,6,0.0005863956215793589,사회,1주차,20220102,20220108
기초학력수준미달,7,0.0006841282251759187,사회,1주차,20220102,20220108
태그리스,7,0.0006841282251759187,사회,1주차,20220102,20220108
위치안내,6,0.0005863956215793589,사회,1주차,20220102,20220108
북구청직장어린이집,18,0.0017591868647380765,사회,1주차,20220102,20220108
사용규제,19,0.0018569194683346365,사회,1주차,20220102,20220108
공기호흡기,13,0.0012705238467552776,사회,1주차,20220102,20220108
현직의사,8,0.0007818608287724785,사회,1주차,20220102,20220108
분산처리,6,0.0005863956215793589,사회,1주차,20220102,20220108
감정충돌,7,0.0006841282251759187,사회,1주차,20220102,20220108
기획예산담당관,7,0.0006841282251759187,사회,1주차,20220102,20220108
관련기관,7,0.0006841282251759187,사회,1주차,20220102,20220108
감리회사,29,0.0028342455043002344,사회,1주차,20220102,20220108
보건복지대학원,6,0.0005863956215793589,사회,1주차,20220102,20220108
자격인정,16,0.001563721657544957,사회,1주차,20220102,20220108
헌법소원심판,11,0.0010750586395621578,사회,1주차,20220102,20220108
영아수당,17,0.0016614542611415168,사회,1주차,20220102,20220108
불합격권,8,0.0007818608287724785,사회,1주차,20220102,20220108
코로나19,1973,0.1928264268960125,사회,1주차,20220102,20220108
개선정책,7,0.0006841282251759187,사회,1주차,20220102,20220108
B어린이집,6,0.0005863956215793589,사회,1주차,20220102,20220108
이모씨,66,0.006450351837372948,사회,1주차,20220102,20220108
취학통지서,6,0.0005863956215793589,사회,1주차,20220102,20220108
방역패스,34,0.0033229085222830335,사회,1주차,20220102,20220108
기본접종,64,0.006254886630179828,사회,1주차,20220102,20220108
전자출입명부,52,0.0050820953870211105,사회,1주차,20220102,20220108
카카오앱,6,0.0005863956215793589,사회,1주차,20220102,20220108
예방접종스티커,9,0.0008795934323690383,사회,1주차,20220102,20220108
미접종자,309,0.03019937451133698,사회,1주차,20220102,20220108
돌파감염,74,0.007232212666145426,사회,1주차,20220102,20220108
우세종,74,0.007232212666145426,사회,1주차,20220102,20220108
거리두기,266,0.02599687255668491,사회,1주차,20220102,20220108
질병관리청,238,0.023260359655981236,사회,1주차,20220102,20220108
질병관리청장,75,0.007329945269741986,사회,1주차,20220102,20220108
백신패스,68,0.006645817044566067,사회,1주차,20220102,20220108
한국보건사회연구원,9,0.0008795934323690383,사회,1주차,20220102,20220108
학습격차,7,0.0006841282251759187,사회,1주차,20220102,20220108
ESCS,7,0.0006841282251759187,사회,1주차,20220102,20220108
도로교통공단,9,0.0008795934323690383,사회,1주차,20220102,20220108
응시자격,7,0.0006841282251759187,사회,1주차,20220102,20220108
소통공간,9,0.0008795934323690383,사회,1주차,20220102,20220108
위반시,14,0.0013682564503518374,사회,1주차,20220102,20220108
임인년,123,0.012021110242376856,사회,1주차,20220102,20220108
국민의힘,256,0.02501954652071931,사회,1주차,20220102,20220108
MZ세대,22,0.0021501172791243157,사회,1주차,20220102,20220108
방역지침,46,0.004495699765441751,사회,1주차,20220102,20220108
수밖,209,0.020426114151681,사회,1주차,20220102,20220108
일상회복,155,0.015148553557466771,사회,1주차,20220102,20220108
중등증,25,0.0024433150899139952,사회,1주차,20220102,20220108
환경영향평가,12,0.0011727912431587178,사회,1주차,20220102,20220108
마두동,27,0.002638780297107115,사회,1주차,20220102,20220108
진단검사,89,0.008698201720093824,사회,1주차,20220102,20220108
여성인권위원장,12,0.0011727912431587178,사회,1주차,20220102,20220108
정의기억연대,25,0.0024433150899139952,사회,1주차,20220102,20220108
국가인권위원회,69,0.0067435496481626275,사회,1주차,20220102,20220108
의료대응,22,0.0021501172791243157,사회,1주차,20220102,20220108
ESG경영,20,0.001954652071931196,사회,1주차,20220102,20220108
미접종자분들,10,0.000977326035965598,사회,1주차,20220102,20220108
무단횡단자,9,0.0008795934323690383,사회,1주차,20220102,20220108
군사분계선,32,0.003127443315089914,사회,1주차,20220102,20220108
감시장비,29,0.0028342455043002344,사회,1주차,20220102,20220108
초동조치,9,0.0008795934323690383,사회,1주차,20220102,20220108
청도농협장례식장,8,0.0007818608287724785,사회,1주차,20220102,20220108
미준수,9,0.0008795934323690383,사회,1주차,20220102,20220108
방역수칙,92,0.008991399530883503,사회,1주차,20220102,20220108
유흥시설,56,0.00547302580140735,사회,1주차,20220102,20220108
실내체육시설,44,0.004300234558248631,사회,1주차,20220102,20220108
파티룸,22,0.0021501172791243157,사회,1주차,20220102,20220108
접종일,8,0.0007818608287724785,사회,1주차,20220102,20220108
보강작업,12,0.0011727912431587178,사회,1주차,20220102,20220108
녹색분류체계,7,0.0006841282251759187,사회,1주차,20220102,20220108
에너지공학,7,0.0006841282251759187,사회,1주차,20220102,20220108
택소노미,12,0.0011727912431587178,사회,1주차,20220102,20220108
대장동,89,0.008698201720093824,사회,1주차,20220102,20220108
성남도시개발공사,54,0.00527756059421423,사회,1주차,20220102,20220108
수사정보정책관,8,0.0007818608287724785,사회,1주차,20220102,20220108
체포영장,7,0.0006841282251759187,사회,1주차,20220102,20220108
고위공직자범죄,80,0.007818608287724784,사회,1주차,20220102,20220108
고위공직자범죄수사처,80,0.007818608287724784,사회,1주차,20220102,20220108
개발사업본부장,8,0.0007818608287724785,사회,1주차,20220102,20220108
화천대유,55,0.00537529319781079,사회,1주차,20220102,20220108
화천대유자산관리,17,0.0016614542611415168,사회,1주차,20220102,20220108
TBS교통방송,8,0.0007818608287724785,사회,1주차,20220102,20220108
소셜네트워크서비스,36,0.003518373729476153,사회,1주차,20220102,20220108
입양처,7,0.0006841282251759187,사회,1주차,20220102,20220108
임시보호처,7,0.0006841282251759187,사회,1주차,20220102,20220108
남아프리카공화국,10,0.000977326035965598,사회,1주차,20220102,20220108
부스터샷,52,0.0050820953870211105,사회,1주차,20220102,20220108
경제협력개발기구,22,0.0021501172791243157,사회,1주차,20220102,20220108
행정망,6,0.0005863956215793589,사회,1주차,20220102,20220108
파견업체,7,0.0006841282251759187,사회,1주차,20220102,20220108
선별검사소,49,0.004788897576231431,사회,1주차,20220102,20220108
위드코로나,6,0.0005863956215793589,사회,1주차,20220102,20220108
국내감염,15,0.0014659890539483972,사회,1주차,20220102,20220108
고용안전망,10,0.000977326035965598,사회,1주차,20220102,20220108
방역지원,25,0.0024433150899139952,사회,1주차,20220102,20220108
친수시설,6,0.0005863956215793589,사회,1주차,20220102,20220108
한국전력공사,14,0.0013682564503518374,사회,1주차,20220102,20220108
교통인프라,6,0.0005863956215793589,사회,1주차,20220102,20220108
항공정비산업,6,0.0005863956215793589,사회,1주차,20220102,20220108
창원특례시,8,0.0007818608287724785,사회,1주차,20220102,20220108
절반가량,29,0.0028342455043002344,사회,1주차,20220102,20220108
양해각서,7,0.0006841282251759187,사회,1주차,20220102,20220108
교육플랫폼,6,0.0005863956215793589,사회,1주차,20220102,20220108
임시선별검사소,33,0.003225175918686474,사회,1주차,20220102,20220108
그분들,10,0.000977326035965598,사회,1주차,20220102,20220108
일반시,11,0.0010750586395621578,사회,1주차,20220102,20220108
일반시민,9,0.0008795934323690383,사회,1주차,20220102,20220108
공지사항,10,0.000977326035965598,사회,1주차,20220102,20220108
해양항만,8,0.0007818608287724785,사회,1주차,20220102,20220108
집중치료,8,0.0007818608287724785,사회,1주차,20220102,20220108
치료프로그램,17,0.0016614542611415168,사회,1주차,20220102,20220108
프로그램실,7,0.0006841282251759187,사회,1주차,20220102,20220108
의료인력,14,0.0013682564503518374,사회,1주차,20220102,20220108
교육대학원,11,0.0010750586395621578,사회,1주차,20220102,20220108
서초동,8,0.0007818608287724785,사회,1주차,20220102,20220108
사고신고,23,0.0022478498827208757,사회,1주차,20220102,20220108
기본안전진단,23,0.0022478498827208757,사회,1주차,20220102,20220108
긴급안전점검,22,0.0021501172791243157,사회,1주차,20220102,20220108
있었기,21,0.002052384675527756,사회,1주차,20220102,20220108
그럼에,61,0.005961688819390148,사회,1주차,20220102,20220108
경찰행정학과,9,0.0008795934323690383,사회,1주차,20220102,20220108
상황임,7,0.0006841282251759187,사회,1주차,20220102,20220108
한국연구재단,9,0.0008795934323690383,사회,1주차,20220102,20220108
보호조치,7,0.0006841282251759187,사회,1주차,20220102,20220108
모집인원,27,0.002638780297107115,사회,1주차,20220102,20220108
고발사주,10,0.000977326035965598,사회,1주차,20220102,20220108
그밖,9,0.0008795934323690383,사회,1주차,20220102,20220108
판사사찰,6,0.0005863956215793589,사회,1주차,20220102,20220108
교육활동,20,0.001954652071931196,사회,1주차,20220102,20220108
교육회복,9,0.0008795934323690383,사회,1주차,20220102,20220108
연쇄감염,16,0.001563721657544957,사회,1주차,20220102,20220108
유족으,27,0.002638780297107115,사회,1주차,20220102,20220108
지역내,14,0.0013682564503518374,사회,1주차,20220102,20220108
복지체계,7,0.0006841282251759187,사회,1주차,20220102,20220108
복지정책과,19,0.0018569194683346365,사회,1주차,20220102,20220108
장애인보호구역,8,0.0007818608287724785,사회,1주차,20220102,20220108
교통법규,11,0.0010750586395621578,사회,1주차,20220102,20220108
보후구역,8,0.0007818608287724785,사회,1주차,20220102,20220108
식품제조업체,7,0.0006841282251759187,사회,1주차,20220102,20220108
QR체크,17,0.0016614542611415168,사회,1주차,20220102,20220108
현장평가,6,0.0005863956215793589,사회,1주차,20220102,20220108
C씨,50,0.0048866301798279905,사회,1주차,20220102,20220108
인과관계,18,0.0017591868647380765,사회,1주차,20220102,20220108
경로불명,9,0.0008795934323690383,사회,1주차,20220102,20220108
선제검사,22,0.0021501172791243157,사회,1주차,20220102,20220108
증상발현,8,0.0007818608287724785,사회,1주차,20220102,20220108
청주의료원,10,0.000977326035965598,사회,1주차,20220102,20220108
감염병전담병원,12,0.0011727912431587178,사회,1주차,20220102,20220108
생활치료센터,75,0.007329945269741986,사회,1주차,20220102,20220108
PCR검사,15,0.0014659890539483972,사회,1주차,20220102,20220108
적용시설,15,0.0014659890539483972,사회,1주차,20220102,20220108
위반사항,18,0.0017591868647380765,사회,1주차,20220102,20220108
방역상황,17,0.0016614542611415168,사회,1주차,20220102,20220108
커피거리,7,0.0006841282251759187,사회,1주차,20220102,20220108
A어린이집,8,0.0007818608287724785,사회,1주차,20220102,20220108
초중학교,8,0.0007818608287724785,사회,1주차,20220102,20220108
민선7기,9,0.0008795934323690383,사회,1주차,20220102,20220108
사업시행자,13,0.0012705238467552776,사회,1주차,20220102,20220108
정부세종청사,31,0.0030297107114933544,사회,1주차,20220102,20220108
감염병예방법,19,0.0018569194683346365,사회,1주차,20220102,20220108
파크골프장,14,0.0013682564503518374,사회,1주차,20220102,20220108
응급의학,10,0.000977326035965598,사회,1주차,20220102,20220108
예방접종대응추진단,42,0.004104769351055512,사회,1주차,20220102,20220108
강북본원,12,0.0011727912431587178,사회,1주차,20220102,20220108
잔여백신,9,0.0008795934323690383,사회,1주차,20220102,20220108
복원사업,9,0.0008795934323690383,사회,1주차,20220102,20220108
읍면사무소,6,0.0005863956215793589,사회,1주차,20220102,20220108
평가등급,6,0.0005863956215793589,사회,1주차,20220102,20220108
기본조례,8,0.0007818608287724785,사회,1주차,20220102,20220108
목욕시설,7,0.0006841282251759187,사회,1주차,20220102,20220108
진화인력,15,0.0014659890539483972,사회,1주차,20220102,20220108
구비서류,6,0.0005863956215793589,사회,1주차,20220102,20220108
담당부서,6,0.0005863956215793589,사회,1주차,20220102,20220108
재난지원,41,0.004007036747458953,사회,1주차,20220102,20220108
재난지원금,38,0.003713838936669273,사회,1주차,20220102,20220108
복지시책,6,0.0005863956215793589,사회,1주차,20220102,20220108
생산기반,6,0.0005863956215793589,사회,1주차,20220102,20220108
계절관리제,8,0.0007818608287724785,사회,1주차,20220102,20220108
주무부처,11,0.0010750586395621578,사회,1주차,20220102,20220108
방역지원금,22,0.0021501172791243157,사회,1주차,20220102,20220108
집합금지,20,0.001954652071931196,사회,1주차,20220102,20220108
이분들,6,0.0005863956215793589,사회,1주차,20220102,20220108
중대재해,47,0.004593432369038311,사회,1주차,20220102,20220108
중대재해처벌법,30,0.0029319781078967944,사회,1주차,20220102,20220108
산림휴양,10,0.000977326035965598,사회,1주차,20220102,20220108
주시기,26,0.0025410476935105552,사회,1주차,20220102,20220108
환경분쟁조정,24,0.0023455824863174357,사회,1주차,20220102,20220108
시장으,14,0.0013682564503518374,사회,1주차,20220102,20220108
지방부이사관,7,0.0006841282251759187,사회,1주차,20220102,20220108
역점사업,6,0.0005863956215793589,사회,1주차,20220102,20220108
남부소방서,11,0.0010750586395621578,사회,1주차,20220102,20220108
제22보병사단,7,0.0006841282251759187,사회,1주차,20220102,20220108
교학부총장,11,0.0010750586395621578,사회,1주차,20220102,20220108
북구지역,11,0.0010750586395621578,사회,1주차,20220102,20220108
원격수업,12,0.0011727912431587178,사회,1주차,20220102,20220108
특별방역대책,60,0.005863956215793589,사회,1주차,20220102,20220108
유증상자,22,0.0021501172791243157,사회,1주차,20220102,20220108
변이바이러스,13,0.0012705238467552776,사회,1주차,20220102,20220108
전쯤,8,0.0007818608287724785,사회,1주차,20220102,20220108
집중호우,7,0.0006841282251759187,사회,1주차,20220102,20220108
인구대비,6,0.0005863956215793589,사회,1주차,20220102,20220108
있었음,16,0.001563721657544957,사회,1주차,20220102,20220108
원가량,7,0.0006841282251759187,사회,1주차,20220102,20220108
양형조건,6,0.0005863956215793589,사회,1주차,20220102,20220108
의원급,22,0.0021501172791243157,사회,1주차,20220102,20220108
전남권,7,0.0006841282251759187,사회,1주차,20220102,20220108
2022학년,11,0.0010750586395621578,사회,1주차,20220102,20220108
정신건강의학,20,0.001954652071931196,사회,1주차,20220102,20220108
한국갤럽,8,0.0007818608287724785,사회,1주차,20220102,20220108
가구소득,8,0.0007818608287724785,사회,1주차,20220102,20220108
평균점수,6,0.0005863956215793589,사회,1주차,20220102,20220108
치료체계,10,0.000977326035965598,사회,1주차,20220102,20220108
화이자사,14,0.0013682564503518374,사회,1주차,20220102,20220108
긴급사용승인,10,0.000977326035965598,사회,1주차,20220102,20220108
성남지청장,7,0.0006841282251759187,사회,1주차,20220102,20220108
손실보상법,7,0.0006841282251759187,사회,1주차,20220102,20220108
밀집시설,10,0.000977326035965598,사회,1주차,20220102,20220108
외부활동,7,0.0006841282251759187,사회,1주차,20220102,20220108
지역발생,15,0.0014659890539483972,사회,1주차,20220102,20220108
문제해결,13,0.0012705238467552776,사회,1주차,20220102,20220108
건축분야,6,0.0005863956215793589,사회,1주차,20220102,20220108
부양의무자,6,0.0005863956215793589,사회,1주차,20220102,20220108
폐쇄회로TV,6,0.0005863956215793589,사회,1주차,20220102,20220108
신뢰수준,7,0.0006841282251759187,사회,1주차,20220102,20220108
접종정보,16,0.001563721657544957,사회,1주차,20220102,20220108
창원보건소장,6,0.0005863956215793589,사회,1주차,20220102,20220108
조선닷컴,17,0.0016614542611415168,사회,1주차,20220102,20220108
한문철TV,10,0.000977326035965598,사회,1주차,20220102,20220108
혐의없음,10,0.000977326035965598,사회,1주차,20220102,20220108
자가검사키트,16,0.001563721657544957,사회,1주차,20220102,20220108
불법행위,15,0.0014659890539483972,사회,1주차,20220102,20220108
표시광고,6,0.0005863956215793589,사회,1주차,20220102,20220108
방역정책,39,0.0038115715402658326,사회,1주차,20220102,20220108
지원대상자,6,0.0005863956215793589,사회,1주차,20220102,20220108
수용인원,6,0.0005863956215793589,사회,1주차,20220102,20220108
돌파감염자,10,0.000977326035965598,사회,1주차,20220102,20220108
단체교섭,6,0.0005863956215793589,사회,1주차,20220102,20220108
경제자족도시,7,0.0006841282251759187,사회,1주차,20220102,20220108
용인특례시,9,0.0008795934323690383,사회,1주차,20220102,20220108
사회복지급여,11,0.0010750586395621578,사회,1주차,20220102,20220108
기본재산액,9,0.0008795934323690383,사회,1주차,20220102,20220108
특례사무,8,0.0007818608287724785,사회,1주차,20220102,20220108
전담구급대,7,0.0006841282251759187,사회,1주차,20220102,20220108
진료과목,7,0.0006841282251759187,사회,1주차,20220102,20220108
공유재산,10,0.000977326035965598,사회,1주차,20220102,20220108
전주지역,9,0.0008795934323690383,사회,1주차,20220102,20220108
부당이득,10,0.000977326035965598,사회,1주차,20220102,20220108
신흥동,9,0.0008795934323690383,사회,1주차,20220102,20220108
송현동,12,0.0011727912431587178,사회,1주차,20220102,20220108
유동삼거리,8,0.0007818608287724785,사회,1주차,20220102,20220108
율목동,6,0.0005863956215793589,사회,1주차,20220102,20220108
운행속도,9,0.0008795934323690383,사회,1주차,20220102,20220108
단속카메라,10,0.000977326035965598,사회,1주차,20220102,20220108
요구사항,6,0.0005863956215793589,사회,1주차,20220102,20220108
정부서울청사,28,0.002736512900703675,사회,1주차,20220102,20220108
방역강화,9,0.0008795934323690383,사회,1주차,20220102,20220108
모집정원,6,0.0005863956215793589,사회,1주차,20220102,20220108
정치외교학과,11,0.0010750586395621578,사회,1주차,20220102,20220108
기계공학부,6,0.0005863956215793589,사회,1주차,20220102,20220108
공소시효,21,0.002052384675527756,사회,1주차,20220102,20220108
기초자료,10,0.000977326035965598,사회,1주차,20220102,20220108
방역전략,17,0.0016614542611415168,사회,1주차,20220102,20220108
전면등교,14,0.0013682564503518374,사회,1주차,20220102,20220108
사업기획,6,0.0005863956215793589,사회,1주차,20220102,20220108
사회과학대학장,13,0.0012705238467552776,사회,1주차,20220102,20220108
뉴스라이브,7,0.0006841282251759187,사회,1주차,20220102,20220108
기획전시실,7,0.0006841282251759187,사회,1주차,20220102,20220108
면적으,24,0.0023455824863174357,사회,1주차,20220102,20220108
피의자신문조서,9,0.0008795934323690383,사회,1주차,20220102,20220108
직권남용권리행사방해,22,0.0021501172791243157,사회,1주차,20220102,20220108
교대근무,7,0.0006841282251759187,사회,1주차,20220102,20220108
유효기간제,7,0.0006841282251759187,사회,1주차,20220102,20220108
학사운영,10,0.000977326035965598,사회,1주차,20220102,20220108
통신내역,7,0.0006841282251759187,사회,1주차,20220102,20220108
전기작업,17,0.0016614542611415168,사회,1주차,20220102,20220108
고소절연작업차,16,0.001563721657544957,사회,1주차,20220102,20220108
신속항원검사,29,0.0028342455043002344,사회,1주차,20220102,20220108
역학조사팀,22,0.0021501172791243157,사회,1주차,20220102,20220108
진단검사의학,6,0.0005863956215793589,사회,1주차,20220102,20220108
관광과장,7,0.0006841282251759187,사회,1주차,20220102,20220108
제강부,7,0.0006841282251759187,사회,1주차,20220102,20220108
본오동,6,0.0005863956215793589,사회,1주차,20220102,20220108
택배요금,6,0.0005863956215793589,사회,1주차,20220102,20220108
인천형,8,0.0007818608287724785,사회,1주차,20220102,20220108
서울살이,12,0.0011727912431587178,사회,1주차,20220102,20220108
노인장애인,6,0.0005863956215793589,사회,1주차,20220102,20220108
관리업무,6,0.0005863956215793589,사회,1주차,20220102,20220108
부설주차장,7,0.0006841282251759187,사회,1주차,20220102,20220108
항일투쟁,8,0.0007818608287724785,사회,1주차,20220102,20220108
반송리,7,0.0006841282251759187,사회,1주차,20220102,20220108
산불진화헬기,9,0.0008795934323690383,사회,1주차,20220102,20220108
실천과제,6,0.0005863956215793589,사회,1주차,20220102,20220108
이송체계,8,0.0007818608287724785,사회,1주차,20220102,20220108
반도체클러스터,7,0.0006841282251759187,사회,1주차,20220102,20220108
남부경찰서,16,0.001563721657544957,사회,1주차,20220102,20220108
일상회복지원금,11,0.0010750586395621578,사회,1주차,20220102,20220108
B호,12,0.0011727912431587178,사회,1주차,20220102,20220108
자연과학대학,7,0.0006841282251759187,사회,1주차,20220102,20220108
동행정복지센터,6,0.0005863956215793589,사회,1주차,20220102,20220108
위탁의료기관,11,0.0010750586395621578,사회,1주차,20220102,20220108
이동저수지,12,0.0011727912431587178,사회,1주차,20220102,20220108
토지정보과,12,0.0011727912431587178,사회,1주차,20220102,20220108
노인복지법,10,0.000977326035965598,사회,1주차,20220102,20220108
감염위험,8,0.0007818608287724785,사회,1주차,20220102,20220108
휴게시설,6,0.0005863956215793589,사회,1주차,20220102,20220108
-오프라인,8,0.0007818608287724785,사회,1주차,20220102,20220108
인사운영,8,0.0007818608287724785,사회,1주차,20220102,20220108
우세종화,10,0.000977326035965598,사회,1주차,20220102,20220108
의회사무,33,0.003225175918686474,사회,1주차,20220102,20220108
정주여건,7,0.0006841282251759187,사회,1주차,20220102,20220108
실천방안,6,0.0005863956215793589,사회,1주차,20220102,20220108
사회복지서비스,9,0.0008795934323690383,사회,1주차,20220102,20220108
연산점,7,0.0006841282251759187,사회,1주차,20220102,20220108
한국예술종합학교,7,0.0006841282251759187,사회,1주차,20220102,20220108
이동동선,6,0.0005863956215793589,사회,1주차,20220102,20220108
A초등학교,6,0.0005863956215793589,사회,1주차,20220102,20220108
교통행정,6,0.0005863956215793589,사회,1주차,20220102,20220108
전화면접,6,0.0005863956215793589,사회,1주차,20220102,20220108
국힘,7,0.0006841282251759187,사회,1주차,20220102,20220108
일반학생,8,0.0007818608287724785,사회,1주차,20220102,20220108
예비타당성조사,11,0.0010750586395621578,사회,1주차,20220102,20220108
K방역,7,0.0006841282251759187,사회,1주차,20220102,20220108
안전의식,11,0.0010750586395621578,사회,1주차,20220102,20220108
한편으,16,0.001563721657544957,사회,1주차,20220102,20220108
예방효,25,0.0024433150899139952,사회,1주차,20220102,20220108
완료군,11,0.0010750586395621578,사회,1주차,20220102,20220108
미접종군,11,0.0010750586395621578,사회,1주차,20220102,20220108
소요시간,8,0.0007818608287724785,사회,1주차,20220102,20220108
경영체계,8,0.0007818608287724785,사회,1주차,20220102,20220108
운영방향,7,0.0006841282251759187,사회,1주차,20220102,20220108
농촌지원,10,0.000977326035965598,사회,1주차,20220102,20220108
청원구,10,0.000977326035965598,사회,1주차,20220102,20220108
근로복지공단,7,0.0006841282251759187,사회,1주차,20220102,20220108
대책지역,6,0.0005863956215793589,사회,1주차,20220102,20220108
등기우편,9,0.0008795934323690383,사회,1주차,20220102,20220108
추진과제,13,0.0012705238467552776,사회,1주차,20220102,20220108
것임,18,0.0017591868647380765,사회,1주차,20220102,20220108
외래진료센터,12,0.0011727912431587178,사회,1주차,20220102,20220108
사회융합대학원,6,0.0005863956215793589,사회,1주차,20220102,20220108
신소재공학,6,0.0005863956215793589,사회,1주차,20220102,20220108
면역반응,7,0.0006841282251759187,사회,1주차,20220102,20220108
중대재해법,9,0.0008795934323690383,사회,1주차,20220102,20220108
안전보건관리,12,0.0011727912431587178,사회,1주차,20220102,20220108
추진사업,6,0.0005863956215793589,사회,1주차,20220102,20220108
정부과천청사,7,0.0006841282251759187,사회,1주차,20220102,20220108
학령인구,15,0.0014659890539483972,사회,1주차,20220102,20220108
디지스트,7,0.0006841282251759187,사회,1주차,20220102,20220108
공판기일,6,0.0005863956215793589,사회,1주차,20220102,20220108
원격교육,6,0.0005863956215793589,사회,1주차,20220102,20220108
검사량,15,0.0014659890539483972,사회,1주차,20220102,20220108
공동건의문,6,0.0005863956215793589,사회,1주차,20220102,20220108
실기전형,6,0.0005863956215793589,사회,1주차,20220102,20220108
서울남부지법,39,0.0038115715402658326,사회,1주차,20220102,20220108
보호처분,14,0.0013682564503518374,사회,1주차,20220102,20220108
잔액증명서,11,0.0010750586395621578,사회,1주차,20220102,20220108
출생연도,7,0.0006841282251759187,사회,1주차,20220102,20220108
끝나기,8,0.0007818608287724785,사회,1주차,20220102,20220108
제1항,9,0.0008795934323690383,사회,1주차,20220102,20220108
학습지원,11,0.0010750586395621578,사회,1주차,20220102,20220108
서울중부센터,11,0.0010750586395621578,사회,1주차,20220102,20220108
채용절차,6,0.0005863956215793589,사회,1주차,20220102,20220108
대응단계,40,0.003909304143862392,사회,1주차,20220102,20220108
경영책임자,9,0.0008795934323690383,사회,1주차,20220102,20220108
것이기,31,0.0030297107114933544,사회,1주차,20220102,20220108
중점과제,8,0.0007818608287724785,사회,1주차,20220102,20220108
생태자원,6,0.0005863956215793589,사회,1주차,20220102,20220108
기초지방자치단체,6,0.0005863956215793589,사회,1주차,20220102,20220108
혈중알코올농,26,0.0025410476935105552,사회,1주차,20220102,20220108
SNS상,6,0.0005863956215793589,사회,1주차,20220102,20220108
지원정책,6,0.0005863956215793589,사회,1주차,20220102,20220108
거주지별,8,0.0007818608287724785,사회,1주차,20220102,20220108
정대협,7,0.0006841282251759187,사회,1주차,20220102,20220108
접종군,14,0.0013682564503518374,사회,1주차,20220102,20220108
대안교육기관,12,0.0011727912431587178,사회,1주차,20220102,20220108
이다현,10,0.000977326035965598,사회,1주차,20220102,20220108
절연장갑,18,0.0017591868647380765,사회,1주차,20220102,20220108
마련함,7,0.0006841282251759187,사회,1주차,20220102,20220108
수백억원대,6,0.0005863956215793589,사회,1주차,20220102,20220108
국가공무원법,12,0.0011727912431587178,사회,1주차,20220102,20220108
과밀학급,15,0.0014659890539483972,사회,1주차,20220102,20220108
대면수업,8,0.0007818608287724785,사회,1주차,20220102,20220108
재무관리팀,21,0.002052384675527756,사회,1주차,20220102,20220108
재무관리팀장,17,0.0016614542611415168,사회,1주차,20220102,20220108
청소년지원센터,7,0.0006841282251759187,사회,1주차,20220102,20220108
학부모님,10,0.000977326035965598,사회,1주차,20220102,20220108
판결시,10,0.000977326035965598,사회,1주차,20220102,20220108
중증의료체계,12,0.0011727912431587178,사회,1주차,20220102,20220108
직업선택,34,0.0033229085222830335,사회,1주차,20220102,20220108
점등시위,29,0.0028342455043002344,사회,1주차,20220102,20220108
총괄부본부장,7,0.0006841282251759187,사회,1주차,20220102,20220108
증거기록,6,0.0005863956215793589,사회,1주차,20220102,20220108
자기결정,62,0.006059421422986709,사회,1주차,20220102,20220108
심문기일,46,0.004495699765441751,사회,1주차,20220102,20220108
한국도시연구소,11,0.0010750586395621578,사회,1주차,20220102,20220108
건축행위,7,0.0006841282251759187,사회,1주차,20220102,20220108
건축기준,6,0.0005863956215793589,사회,1주차,20220102,20220108
공용시설,7,0.0006841282251759187,사회,1주차,20220102,20220108
공동주택관리,9,0.0008795934323690383,사회,1주차,20220102,20220108
공동주택관리법,6,0.0005863956215793589,사회,1주차,20220102,20220108
관리주체,9,0.0008795934323690383,사회,1주차,20220102,20220108
장기수선충당금,6,0.0005863956215793589,사회,1주차,20220102,20220108
수선유지비,6,0.0005863956215793589,사회,1주차,20220102,20220108
안심숙소,7,0.0006841282251759187,사회,1주차,20220102,20220108
기본수당,7,0.0006841282251759187,사회,1주차,20220102,20220108
투자금액,10,0.000977326035965598,사회,1주차,20220102,20220108
예방접종전문위원회,7,0.0006841282251759187,사회,1주차,20220102,20220108
캠프페이지,20,0.001954652071931196,사회,1주차,20220102,20220108
서현도서관,7,0.0006841282251759187,사회,1주차,20220102,20220108
자립생활,9,0.0008795934323690383,사회,1주차,20220102,20220108
한국여성정책연구원,6,0.0005863956215793589,사회,1주차,20220102,20220108
한국청소년정책연구원,7,0.0006841282251759187,사회,1주차,20220102,20220108
청소년정책,11,0.0010750586395621578,사회,1주차,20220102,20220108
홍보전략,6,0.0005863956215793589,사회,1주차,20220102,20220108
강모씨,6,0.0005863956215793589,사회,1주차,20220102,20220108
관리사무실,10,0.000977326035965598,사회,1주차,20220102,20220108
금학지구대,15,0.0014659890539483972,사회,1주차,20220102,20220108
종이가방,15,0.0014659890539483972,사회,1주차,20220102,20220108
구월동,7,0.0006841282251759187,사회,1주차,20220102,20220108
불송치,29,0.0028342455043002344,사회,1주차,20220102,20220108
소상공인법,6,0.0005863956215793589,사회,1주차,20220102,20220108
고양이보호단체,6,0.0005863956215793589,사회,1주차,20220102,20220108
조직부본부장,10,0.000977326035965598,사회,1주차,20220102,20220108
반부패강력부장,6,0.0005863956215793589,사회,1주차,20220102,20220108
백신미접종자,6,0.0005863956215793589,사회,1주차,20220102,20220108
백신접종자,11,0.0010750586395621578,사회,1주차,20220102,20220108
감염비율,10,0.000977326035965598,사회,1주차,20220102,20220108
통신영장,17,0.0016614542611415168,사회,1주차,20220102,20220108
여성청소년수사대,13,0.0012705238467552776,사회,1주차,20220102,20220108
정보공개청구,8,0.0007818608287724785,사회,1주차,20220102,20220108
구직촉진수당,7,0.0006841282251759187,사회,1주차,20220102,20220108
조기취업성공수당,7,0.0006841282251759187,사회,1주차,20220102,20220108
취업성공수당,7,0.0006841282251759187,사회,1주차,20220102,20220108
방역지표,7,0.0006841282251759187,사회,1주차,20220102,20220108
위험운전,9,0.0008795934323690383,사회,1주차,20220102,20220108
보험사로,6,0.0005863956215793589,사회,1주차,20220102,20220108
평등원칙,9,0.0008795934323690383,사회,1주차,20220102,20220108
용도지역,10,0.000977326035965598,사회,1주차,20220102,20220108
지역경기,6,0.0005863956215793589,사회,1주차,20220102,20220108
공법단체,7,0.0006841282251759187,사회,1주차,20220102,20220108
주차장법,7,0.0006841282251759187,사회,1주차,20220102,20220108
공공보건,10,0.000977326035965598,사회,1주차,20220102,20220108
공공보건의료,9,0.0008795934323690383,사회,1주차,20220102,20220108
특례조항,7,0.0006841282251759187,사회,1주차,20220102,20220108
보육환경,6,0.0005863956215793589,사회,1주차,20220102,20220108
발생함,7,0.0006841282251759187,사회,1주차,20220102,20220108
신속대응반,7,0.0006841282251759187,사회,1주차,20220102,20220108
일반주거지,11,0.0010750586395621578,사회,1주차,20220102,20220108
방역대응,7,0.0006841282251759187,사회,1주차,20220102,20220108
필수시설,9,0.0008795934323690383,사회,1주차,20220102,20220108
인천소방본부,6,0.0005863956215793589,사회,1주차,20220102,20220108
제11조,6,0.0005863956215793589,사회,1주차,20220102,20220108
건강증진사업,7,0.0006841282251759187,사회,1주차,20220102,20220108
베스티안병원,7,0.0006841282251759187,사회,1주차,20220102,20220108
ZOOM,8,0.0007818608287724785,사회,1주차,20220102,20220108
보건행정,10,0.000977326035965598,사회,1주차,20220102,20220108
한국부동산원,8,0.0007818608287724785,사회,1주차,20220102,20220108
경남사랑상품권,6,0.0005863956215793589,사회,1주차,20220102,20220108
농식품유통,7,0.0006841282251759187,사회,1주차,20220102,20220108
국가하천,8,0.0007818608287724785,사회,1주차,20220102,20220108
국회의원회관,6,0.0005863956215793589,사회,1주차,20220102,20220108
제주동부경찰서,13,0.0012705238467552776,사회,1주차,20220102,20220108
경비교통,6,0.0005863956215793589,사회,1주차,20220102,20220108
동부경찰서,22,0.0021501172791243157,사회,1주차,20220102,20220108
경기도소방재난본부,44,0.004300234558248631,사회,1주차,20220102,20220108
중흥동,6,0.0005863956215793589,사회,1주차,20220102,20220108
일부개정안,6,0.0005863956215793589,사회,1주차,20220102,20220108
상업시설,7,0.0006841282251759187,사회,1주차,20220102,20220108
금강유역환경청,7,0.0006841282251759187,사회,1주차,20220102,20220108
대응역량,8,0.0007818608287724785,사회,1주차,20220102,20220108
계획수립,6,0.0005863956215793589,사회,1주차,20220102,20220108
제주지역본부,11,0.0010750586395621578,사회,1주차,20220102,20220108
확인자료,10,0.000977326035965598,사회,1주차,20220102,20220108
범죄수사처,85,0.008307271305707584,사회,1주차,20220102,20220108
강력범죄수사대,24,0.0023455824863174357,사회,1주차,20220102,20220108
수해참사,15,0.0014659890539483972,사회,1주차,20220102,20220108
현장대응,6,0.0005863956215793589,사회,1주차,20220102,20220108
봉명동,15,0.0014659890539483972,사회,1주차,20220102,20220108
강릉역,10,0.000977326035965598,사회,1주차,20220102,20220108
대륙철도망,7,0.0006841282251759187,사회,1주차,20220102,20220108
전기통신사업자,14,0.0013682564503518374,사회,1주차,20220102,20220108
전기통신사업법,24,0.0023455824863174357,사회,1주차,20220102,20220108
영동터널,152,0.014855355746677092,사회,1주차,20220102,20220108
KTX-산천,136,0.013291634089132134,사회,1주차,20220102,20220108
제23열차,19,0.0018569194683346365,사회,1주차,20220102,20220108
영동역,15,0.0014659890539483972,사회,1주차,20220102,20220108
김천구미역,17,0.0016614542611415168,사회,1주차,20220102,20220108
울산교육연수원,7,0.0006841282251759187,사회,1주차,20220102,20220108
스토킹처벌법,6,0.0005863956215793589,사회,1주차,20220102,20220108
비석마,6,0.0005863956215793589,사회,1주차,20220102,20220108
비석마을,6,0.0005863956215793589,사회,1주차,20220102,20220108
학교밖청소년지원센터,6,0.0005863956215793589,사회,1주차,20220102,20220108
보석업체,6,0.0005863956215793589,사회,1주차,20220102,20220108
승진심사,6,0.0005863956215793589,사회,1주차,20220102,20220108
국가수준학업성취,7,0.0006841282251759187,사회,1주차,20220102,20220108
공공버스,13,0.0012705238467552776,사회,1주차,20220102,20220108
시도경찰청장,6,0.0005863956215793589,사회,1주차,20220102,20220108
직장협의회장,6,0.0005863956215793589,사회,1주차,20220102,20220108
압수영장,11,0.0010750586395621578,사회,1주차,20220102,20220108
궤도이탈,9,0.0008795934323690383,사회,1주차,20220102,20220108
경부고속철도,43,0.004202501954652072,사회,1주차,20220102,20220108
인천국제공항보안,6,0.0005863956215793589,사회,1주차,20220102,20220108
항공철도사고조사위,28,0.002736512900703675,사회,1주차,20220102,20220108
중조위,10,0.000977326035965598,사회,1주차,20220102,20220108
반납기,8,0.0007818608287724785,사회,1주차,20220102,20220108
시범운행지구,9,0.0008795934323690383,사회,1주차,20220102,20220108
상담소장,12,0.0011727912431587178,사회,1주차,20220102,20220108
환경보건학,6,0.0005863956215793589,사회,1주차,20220102,20220108
일반선로,9,0.0008795934323690383,사회,1주차,20220102,20220108
역사부정,6,0.0005863956215793589,사회,1주차,20220102,20220108
탈모약,11,0.0010750586395621578,사회,1주차,20220102,20220108
준항고장,6,0.0005863956215793589,사회,1주차,20220102,20220108
날림먼지,6,0.0005863956215793589,사회,1주차,20220102,20220108
시민승객,11,0.0010750586395621578,사회,1주차,20220102,20220108
김포지역,8,0.0007818608287724785,사회,1주차,20220102,20220108
경기버스정보앱,6,0.0005863956215793589,사회,1주차,20220102,20220108
한국금거래소,26,0.0025410476935105552,사회,1주차,20220102,20220108
소아청소년정신,9,0.0008795934323690383,사회,1주차,20220102,20220108
BNK썸,15,0.0014659890539483972,사회,1주차,20220102,20220108
소통관,7,0.0006841282251759187,사회,1주차,20220102,20220108
수성파크골프장,11,0.0010750586395621578,사회,1주차,20220102,20220108
선로위,11,0.0010750586395621578,사회,1주차,20220102,20220108
배상비율,9,0.0008795934323690383,사회,1주차,20220102,20220108
윤리규정,8,0.0007818608287724785,사회,1주차,20220102,20220108
선거구민,13,0.0012705238467552776,사회,1주차,20220102,20220108
허용기준,9,0.0008795934323690383,사회,1주차,20220102,20220108
서울동부지방법원,8,0.0007818608287724785,사회,1주차,20220102,20220108
컨벤션홀,6,0.0005863956215793589,사회,1주차,20220102,20220108
공주치료감호소,8,0.0007818608287724785,사회,1주차,20220102,20220108
방역인력,6,0.0005863956215793589,사회,1주차,20220102,20220108
오탄터널,13,0.0012705238467552776,사회,1주차,20220102,20220108
주간보호센터,10,0.000977326035965598,사회,1주차,20220102,20220108
자가진단키트,9,0.0008795934323690383,사회,1주차,20220102,20220108
한국프레스센터,23,0.0022478498827208757,사회,1주차,20220102,20220108
산업지원,6,0.0005863956215793589,사회,1주차,20220102,20220108
청북읍,137,0.013389366692728694,사회,1주차,20220102,20220108
송탄소방서,118,0.011532447224394058,사회,1주차,20220102,20220108
이충문화체육센터,121,0.011825645035183737,사회,1주차,20220102,20220108
손실보상제,12,0.0011727912431587178,사회,1주차,20220102,20220108
손실보상제도,12,0.0011727912431587178,사회,1주차,20220102,20220108
몰수보,14,0.0013682564503518374,사회,1주차,20220102,20220108
대원수색팀,30,0.0029319781078967944,사회,1주차,20220102,20220108
덕평물류센터,24,0.0023455824863174357,사회,1주차,20220102,20220108
경보령,22,0.0021501172791243157,사회,1주차,20220102,20220108
구조대장,13,0.0012705238467552776,사회,1주차,20220102,20220108
수기명부,6,0.0005863956215793589,사회,1주차,20220102,20220108
개인정보자기결정권,6,0.0005863956215793589,사회,1주차,20220102,20220108
정신보건법,7,0.0006841282251759187,사회,1주차,20220102,20220108
정리작업,6,0.0005863956215793589,사회,1주차,20220102,20220108
목동동,9,0.0008795934323690383,사회,1주차,20220102,20220108
머지플러스,8,0.0007818608287724785,사회,1주차,20220102,20220108
수사부서,7,0.0006841282251759187,사회,1주차,20220102,20220108
오너분들,7,0.0006841282251759187,사회,1주차,20220102,20220108
용접장비,12,0.0011727912431587178,사회,1주차,20220102,20220108
인명수색,23,0.0022478498827208757,사회,1주차,20220102,20220108
교제살인,12,0.0011727912431587178,사회,1주차,20220102,20220108
폭행살인,7,0.0006841282251759187,사회,1주차,20220102,20220108
강력범죄수사대장,11,0.0010750586395621578,사회,1주차,20220102,20220108
부산고등법원장,8,0.0007818608287724785,사회,1주차,20220102,20220108
진화과정,6,0.0005863956215793589,사회,1주차,20220102,20220108
고렴리,72,0.007036747458952306,사회,1주차,20220102,20220108
대응1단계,8,0.0007818608287724785,사회,1주차,20220102,20220108
수사관서,6,0.0005863956215793589,사회,1주차,20220102,20220108
안전장구,8,0.0007818608287724785,사회,1주차,20220102,20220108
소방방재학,13,0.0012705238467552776,사회,1주차,20220102,20220108
상세내용,11,0.0010750586395621578,사회,1주차,20220102,20220108
경기남부경찰청장,10,0.000977326035965598,사회,1주차,20220102,20220108
가금농,10,0.000977326035965598,사회,1주차,20220102,20220108
가금농장,8,0.0007818608287724785,사회,1주차,20220102,20220108
사후수뢰,9,0.0008795934323690383,사회,1주차,20220102,20220108
옥조근조훈장,17,0.0016614542611415168,사회,1주차,20220102,20220108
소방공무원법,8,0.0007818608287724785,사회,1주차,20220102,20220108
소성욱씨,22,0.0021501172791243157,사회,1주차,20220102,20220108
노인주간보호센터,6,0.0005863956215793589,사회,1주차,20220102,20220108
보전추징,11,0.0010750586395621578,사회,1주차,20220102,20220108
경사길,7,0.0006841282251759187,사회,1주차,20220102,20220108
왕숙천,6,0.0005863956215793589,사회,1주차,20220102,20220108
이충분수공원,6,0.0005863956215793589,사회,1주차,20220102,20220108
즉결법정,6,0.0005863956215793589,사회,1주차,20220102,20220108
주민감사청구심의회,8,0.0007818608287724785,사회,1주차,20220102,20220108
준칙으,11,0.0010750586395621578,사회,1주차,20220102,20220108
선릉로,7,0.0006841282251759187,사회,1주차,20220102,20220108
백신피,23,0.0022478498827208757,사회,1주차,20220102,20220108
유효기간만료,15,0.0014659890539483972,사회,1주차,20220102,20220108
딩동,24,0.0023455824863174357,사회,1주차,20220102,20220108
윗선,16,0.001563721657544957,사회,1주차,20220102,20220108
재판거래,18,0.0017591868647380765,사회,1주차,20220102,20220108
떡국이,13,0.0012705238467552776,사회,1주차,20220102,20220108
나쁨,11,0.0010750586395621578,사회,1주차,20220102,20220108
50억클럽,25,0.0024433150899139952,사회,1주차,20220102,20220108
파주슈퍼개미,10,0.000977326035965598,사회,1주차,20220102,20220108
슈퍼개미,10,0.000977326035965598,사회,1주차,20220102,20220108
보통,12,0.0011727912431587178,사회,1주차,20220102,20220108
판매자가격표시제,10,0.000977326035965598,사회,1주차,20220102,20220108
멸공,17,0.0016614542611415168,사회,1주차,20220102,20220108
