new_word,freq,category,week,date1,date2
리튬이온배터리,4,경제,1주차,20220102,20220108
안전인증기관,5,경제,1주차,20220102,20220108
거래물품,3,경제,1주차,20220102,20220108
예정물량,3,경제,1주차,20220102,20220108
소상공인정책자금,11,경제,1주차,20220102,20220108
확산기인,8,경제,1주차,20220102,20220108
통신분야,3,경제,1주차,20220102,20220108
소상공인방역지원금,8,경제,1주차,20220102,20220108
지불결제,3,경제,1주차,20220102,20220108
개인뱅킹,4,경제,1주차,20220102,20220108
소수단위,3,경제,1주차,20220102,20220108
영상디스플레이사업부,4,경제,1주차,20220102,20220108
해양모빌리티,6,경제,1주차,20220102,20220108
해양수소,9,경제,1주차,20220102,20220108
배터리재활용,3,경제,1주차,20220102,20220108
동일기능,3,경제,1주차,20220102,20220108
동일규제,3,경제,1주차,20220102,20220108
대체결제,4,경제,1주차,20220102,20220108
경제협력개발기구,11,경제,1주차,20220102,20220108
촬영협조,6,경제,1주차,20220102,20220108
정책부문,3,경제,1주차,20220102,20220108
전사안전관리위원회,3,경제,1주차,20220102,20220108
수급관리TF,4,경제,1주차,20220102,20220108
자금담당,4,경제,1주차,20220102,20220108
개선기간,4,경제,1주차,20220102,20220108
수소드론,6,경제,1주차,20220102,20220108
통합배송로봇,3,경제,1주차,20220102,20220108
석탄확보,4,경제,1주차,20220102,20220108
소셜네트워크서비스,11,경제,1주차,20220102,20220108
고객자산관리,3,경제,1주차,20220102,20220108
탄소배출저감,3,경제,1주차,20220102,20220108
항체치료제,4,경제,1주차,20220102,20220108
투자솔루션,3,경제,1주차,20220102,20220108
메타플랫폼,3,경제,1주차,20220102,20220108
세계은행,5,경제,1주차,20220102,20220108
온라인동영상서비스,8,경제,1주차,20220102,20220108
디바이스경험,5,경제,1주차,20220102,20220108
모바일경험,7,경제,1주차,20220102,20220108
완전변경,3,경제,1주차,20220102,20220108
상생임대인,7,경제,1주차,20220102,20220108
대구도시철도공사,3,경제,1주차,20220102,20220108
부동산탈세,6,경제,1주차,20220102,20220108
초고효율,3,경제,1주차,20220102,20220108
산업부도,3,경제,1주차,20220102,20220108
동월대비,5,경제,1주차,20220102,20220108
리튬소재,4,경제,1주차,20220102,20220108
기본금리,4,경제,1주차,20220102,20220108
에너지ICT,9,경제,1주차,20220102,20220108
소망기원,4,경제,1주차,20220102,20220108
농업시스템,3,경제,1주차,20220102,20220108
연방준비제도이사회,3,경제,1주차,20220102,20220108
유발요인,3,경제,1주차,20220102,20220108
그때투자,3,경제,1주차,20220102,20220108
라이프자산운용,4,경제,1주차,20220102,20220108
소규모주택,3,경제,1주차,20220102,20220108
보급목표,5,경제,1주차,20220102,20220108
국가온실가스,5,경제,1주차,20220102,20220108
조기경보시스템,3,경제,1주차,20220102,20220108
부품공급망,4,경제,1주차,20220102,20220108
온도감지,3,경제,1주차,20220102,20220108
위치인식,3,경제,1주차,20220102,20220108
가스유출,3,경제,1주차,20220102,20220108
KB부동산,5,경제,1주차,20220102,20220108
캠핑장비,3,경제,1주차,20220102,20220108
해외주식투자,3,경제,1주차,20220102,20220108
상품판매,3,경제,1주차,20220102,20220108
버팀목자금플러스,4,경제,1주차,20220102,20220108
현물지원,6,경제,1주차,20220102,20220108
공동인증서,8,경제,1주차,20220102,20220108
장애인일자리,4,경제,1주차,20220102,20220108
추진시스템,7,경제,1주차,20220102,20220108
해양자원,3,경제,1주차,20220102,20220108
남양주왕숙,8,경제,1주차,20220102,20220108
안전관리규정,3,경제,1주차,20220102,20220108
공제세액,3,경제,1주차,20220102,20220108
이번주도,4,경제,1주차,20220102,20220108
장기운송,4,경제,1주차,20220102,20220108
구매금액,3,경제,1주차,20220102,20220108
스마트케어,7,경제,1주차,20220102,20220108
연금정책,3,경제,1주차,20220102,20220108
축소모형,4,경제,1주차,20220102,20220108
도로통행료,4,경제,1주차,20220102,20220108
시설관리,8,경제,1주차,20220102,20220108
전화번호,6,경제,1주차,20220102,20220108
전국시장,5,경제,1주차,20220102,20220108
물건훼손,3,경제,1주차,20220102,20220108
이노베이션담당,8,경제,1주차,20220102,20220108
산림파괴방지,4,경제,1주차,20220102,20220108
시각장애인용,3,경제,1주차,20220102,20220108
입력기기,3,경제,1주차,20220102,20220108
탈탄소,12,경제,1주차,20220102,20220108
불안정,23,경제,1주차,20220102,20220108
재활용,105,경제,1주차,20220102,20220108
선순환,16,경제,1주차,20220102,20220108
코로나19,776,경제,1주차,20220102,20220108
종로2가,19,경제,1주차,20220102,20220108
역세권,16,경제,1주차,20220102,20220108
이모씨,15,경제,1주차,20220102,20220108
다음날,6,경제,1주차,20220102,20220108
휴대전화,21,경제,1주차,20220102,20220108
불확실,130,경제,1주차,20220102,20220108
공급난,26,경제,1주차,20220102,20220108
연방준비제도,61,경제,1주차,20220102,20220108
상고하저,5,경제,1주차,20220102,20220108
가치사슬,10,경제,1주차,20220102,20220108
산업별,7,경제,1주차,20220102,20220108
임인년,70,경제,1주차,20220102,20220108
무직타이거,8,경제,1주차,20220102,20220108
한국부동산원,39,경제,1주차,20220102,20220108
매매수급지수,12,경제,1주차,20220102,20220108
뉴딜펀드,15,경제,1주차,20220102,20220108
녹색분류체계,11,경제,1주차,20220102,20220108
메타버스,361,경제,1주차,20220102,20220108
친환경선박,8,경제,1주차,20220102,20220108
신소재,8,경제,1주차,20220102,20220108
전자제품,14,경제,1주차,20220102,20220108
넷-제로,10,경제,1주차,20220102,20220108
이프랜드,8,경제,1주차,20220102,20220108
호황기,3,경제,1주차,20220102,20220108
한국경제,11,경제,1주차,20220102,20220108
명암비,5,경제,1주차,20220102,20220108
신기,68,경제,1주차,20220102,20220108
부동산R114,18,경제,1주차,20220102,20220108
계획물량,5,경제,1주차,20220102,20220108
외곽지역,5,경제,1주차,20220102,20220108
분양계획,3,경제,1주차,20220102,20220108
사전청약,42,경제,1주차,20220102,20220108
신도시,28,경제,1주차,20220102,20220108
중대재해,58,경제,1주차,20220102,20220108
중대재해처벌법,34,경제,1주차,20220102,20220108
편리성,4,경제,1주차,20220102,20220108
중과세율,19,경제,1주차,20220102,20220108
중과분,6,경제,1주차,20220102,20220108
일관성,6,경제,1주차,20220102,20220108
거리두기,45,경제,1주차,20220102,20220108
과세표준,11,경제,1주차,20220102,20220108
집합금지,8,경제,1주차,20220102,20220108
수밖,83,경제,1주차,20220102,20220108
유로모니터,5,경제,1주차,20220102,20220108
김성,11,경제,1주차,20220102,20220108
MZ세대,91,경제,1주차,20220102,20220108
저신용,23,경제,1주차,20220102,20220108
방역지원금,45,경제,1주차,20220102,20220108
일상회복,25,경제,1주차,20220102,20220108
출생연,17,경제,1주차,20220102,20220108
출생연도,17,경제,1주차,20220102,20220108
끝자리,21,경제,1주차,20220102,20220108
대기업,120,경제,1주차,20220102,20220108
DX,53,경제,1주차,20220102,20220108
시무,101,경제,1주차,20220102,20220108
정보기술,93,경제,1주차,20220102,20220108
빅테크,88,경제,1주차,20220102,20220108
갤럭시S21,37,경제,1주차,20220102,20220108
스마트싱스,34,경제,1주차,20220102,20220108
오브제컬렉션,32,경제,1주차,20220102,20220108
공정기술,4,경제,1주차,20220102,20220108
주가수익비율,4,경제,1주차,20220102,20220108
연방공개시장위원회,39,경제,1주차,20220102,20220108
변곡,12,경제,1주차,20220102,20220108
NFT,178,경제,1주차,20220102,20220108
콘텐트,19,경제,1주차,20220102,20220108
종로본점,5,경제,1주차,20220102,20220108
제주시청점,3,경제,1주차,20220102,20220108
첫걸음,7,경제,1주차,20220102,20220108
비과세,17,경제,1주차,20220102,20220108
국민의힘,73,경제,1주차,20220102,20220108
이분들,4,경제,1주차,20220102,20220108
재난지원금,23,경제,1주차,20220102,20220108
편성안,4,경제,1주차,20220102,20220108
손실보상금,30,경제,1주차,20220102,20220108
테크기업,6,경제,1주차,20220102,20220108
교역량,3,경제,1주차,20220102,20220108
쇼핑라이브,9,경제,1주차,20220102,20220108
신한라이프,4,경제,1주차,20220102,20220108
W컨셉,3,경제,1주차,20220102,20220108
교통법규,4,경제,1주차,20220102,20220108
상위권,4,경제,1주차,20220102,20220108
S21,34,경제,1주차,20220102,20220108
QD,111,경제,1주차,20220102,20220108
QD-OLED,11,경제,1주차,20220102,20220108
전시부스,9,경제,1주차,20220102,20220108
치매진단검사,5,경제,1주차,20220102,20220108
코리아게임,7,경제,1주차,20220102,20220108
청년쉐프,3,경제,1주차,20220102,20220108
방역패스,13,경제,1주차,20220102,20220108
고객경험,26,경제,1주차,20220102,20220108
evo,12,경제,1주차,20220102,20220108
스탠바이미,8,경제,1주차,20220102,20220108
종합지급결제업,3,경제,1주차,20220102,20220108
BOOT,7,경제,1주차,20220102,20220108
조용,22,경제,1주차,20220102,20220108
시장경쟁,4,경제,1주차,20220102,20220108
신한pLay,5,경제,1주차,20220102,20220108
App,4,경제,1주차,20220102,20220108
전략목표,9,경제,1주차,20220102,20220108
유연,49,경제,1주차,20220102,20220108
유연성,14,경제,1주차,20220102,20220108
건전성,20,경제,1주차,20220102,20220108
제로페,5,경제,1주차,20220102,20220108
Boot,8,경제,1주차,20220102,20220108
온-오프라인,3,경제,1주차,20220102,20220108
조직체계,5,경제,1주차,20220102,20220108
증권결제,3,경제,1주차,20220102,20220108
운용지시,7,경제,1주차,20220102,20220108
지원시스템,4,경제,1주차,20220102,20220108
한편으,4,경제,1주차,20220102,20220108
빈틈,3,경제,1주차,20220102,20220108
전문지식,10,경제,1주차,20220102,20220108
ESG경영,25,경제,1주차,20220102,20220108
Duo,3,경제,1주차,20220102,20220108
영상디스플레,11,경제,1주차,20220102,20220108
집주인,12,경제,1주차,20220102,20220108
상관관계,6,경제,1주차,20220102,20220108
게다,48,경제,1주차,20220102,20220108
불균형,30,경제,1주차,20220102,20220108
현대글로벌서비스,5,경제,1주차,20220102,20220108
밸류체인,27,경제,1주차,20220102,20220108
자율운항,53,경제,1주차,20220102,20220108
자율운항기술,11,경제,1주차,20220102,20220108
아비커스,29,경제,1주차,20220102,20220108
예비허가,4,경제,1주차,20220102,20220108
금융데이터,3,경제,1주차,20220102,20220108
상담서비스,3,경제,1주차,20220102,20220108
청음실,4,경제,1주차,20220102,20220108
한자리,6,경제,1주차,20220102,20220108
집콕,14,경제,1주차,20220102,20220108
기자회견,15,경제,1주차,20220102,20220108
최저임금,8,경제,1주차,20220102,20220108
이정,30,경제,1주차,20220102,20220108
인도네시아산,16,경제,1주차,20220102,20220108
넷제로,30,경제,1주차,20220102,20220108
목표량,3,경제,1주차,20220102,20220108
대규모,97,경제,1주차,20220102,20220108
내비,29,경제,1주차,20220102,20220108
아이디어리그,3,경제,1주차,20220102,20220108
원가량,8,경제,1주차,20220102,20220108
개인별,14,경제,1주차,20220102,20220108
총대출액,7,경제,1주차,20220102,20220108
비취타운,5,경제,1주차,20220102,20220108
용적률,9,경제,1주차,20220102,20220108
SMDP,6,경제,1주차,20220102,20220108
수출전망,5,경제,1주차,20220102,20220108
그다음,8,경제,1주차,20220102,20220108
한국금거래소,4,경제,1주차,20220102,20220108
불가능,47,경제,1주차,20220102,20220108
큰돈,5,경제,1주차,20220102,20220108
소비활동,3,경제,1주차,20220102,20220108
호반산업,4,경제,1주차,20220102,20220108
공동부유,4,경제,1주차,20220102,20220108
OTA,14,경제,1주차,20220102,20220108
내연기관차,20,경제,1주차,20220102,20220108
중소벤처기업연구원,3,경제,1주차,20220102,20220108
엘다바,10,경제,1주차,20220102,20220108
로사톰,3,경제,1주차,20220102,20220108
K-택소노미,10,경제,1주차,20220102,20220108
진단검사,4,경제,1주차,20220102,20220108
산업군,5,경제,1주차,20220102,20220108
금융소비자보호,27,경제,1주차,20220102,20220108
금융소비자보호법,13,경제,1주차,20220102,20220108
헝다그룹,4,경제,1주차,20220102,20220108
엘지전자,5,경제,1주차,20220102,20220108
실증특례,3,경제,1주차,20220102,20220108
비공개,7,경제,1주차,20220102,20220108
육상태양광,9,경제,1주차,20220102,20220108
발전원,10,경제,1주차,20220102,20220108
특수목적,6,경제,1주차,20220102,20220108
특수목적법인,5,경제,1주차,20220102,20220108
이행비용,3,경제,1주차,20220102,20220108
한국산업기술진흥원,4,경제,1주차,20220102,20220108
있음,25,경제,1주차,20220102,20220108
토요,18,경제,1주차,20220102,20220108
CES2022,134,경제,1주차,20220102,20220108
세련,27,경제,1주차,20220102,20220108
DRL,3,경제,1주차,20220102,20220108
바디킷,10,경제,1주차,20220102,20220108
스티,50,경제,1주차,20220102,20220108
헤드룸,5,경제,1주차,20220102,20220108
전기모터,4,경제,1주차,20220102,20220108
정숙성,4,경제,1주차,20220102,20220108
한복판,3,경제,1주차,20220102,20220108
창조적,5,경제,1주차,20220102,20220108
기정예산,5,경제,1주차,20220102,20220108
재정당국,3,경제,1주차,20220102,20220108
잔액증명서,3,경제,1주차,20220102,20220108
정션박스,6,경제,1주차,20220102,20220108
신에너지,11,경제,1주차,20220102,20220108
시장가격,3,경제,1주차,20220102,20220108
여의도본점,5,경제,1주차,20220102,20220108
평생금융파트너,5,경제,1주차,20220102,20220108
대인호변,5,경제,1주차,20220102,20220108
쓰나미,3,경제,1주차,20220102,20220108
핵심기반,5,경제,1주차,20220102,20220108
이업종간,3,경제,1주차,20220102,20220108
신기술,54,경제,1주차,20220102,20220108
대체육,5,경제,1주차,20220102,20220108
재정립,6,경제,1주차,20220102,20220108
안전보건처,3,경제,1주차,20220102,20220108
현장관리,5,경제,1주차,20220102,20220108
로보셔틀,4,경제,1주차,20220102,20220108
슈퍼널,9,경제,1주차,20220102,20220108
산업분야,6,경제,1주차,20220102,20220108
경쟁과열,5,경제,1주차,20220102,20220108
공관과,4,경제,1주차,20220102,20220108
구매가격,3,경제,1주차,20220102,20220108
재무관리,10,경제,1주차,20220102,20220108
재무관리팀장,6,경제,1주차,20220102,20220108
여의도영업부,3,경제,1주차,20220102,20220108
중점과제,4,경제,1주차,20220102,20220108
창업초기,3,경제,1주차,20220102,20220108
고객신뢰,4,경제,1주차,20220102,20220108
규제유예제도,5,경제,1주차,20220102,20220108
개인정보,33,경제,1주차,20220102,20220108
교통흐름,5,경제,1주차,20220102,20220108
특례신청,4,경제,1주차,20220102,20220108
양손잡,12,경제,1주차,20220102,20220108
대강당,6,경제,1주차,20220102,20220108
기여함,4,경제,1주차,20220102,20220108
추진함,3,경제,1주차,20220102,20220108
수소터빈,12,경제,1주차,20220102,20220108
메모리반도체,11,경제,1주차,20220102,20220108
시장환경,3,경제,1주차,20220102,20220108
양적,119,경제,1주차,20220102,20220108
핵심역량,3,경제,1주차,20220102,20220108
제공함,4,경제,1주차,20220102,20220108
지향점,12,경제,1주차,20220102,20220108
일하기,7,경제,1주차,20220102,20220108
권영수님,3,경제,1주차,20220102,20220108
플라잉카,17,경제,1주차,20220102,20220108
위스,13,경제,1주차,20220102,20220108
가이드봇,5,경제,1주차,20220102,20220108
마사지부,12,경제,1주차,20220102,20220108
하루아침,5,경제,1주차,20220102,20220108
이해관계자,21,경제,1주차,20220102,20220108
보호장치,7,경제,1주차,20220102,20220108
거래조건,4,경제,1주차,20220102,20220108
수익기반,5,경제,1주차,20220102,20220108
종합금융플랫폼,4,경제,1주차,20220102,20220108
발전원별,6,경제,1주차,20220102,20220108
하더,12,경제,1주차,20220102,20220108
단적,5,경제,1주차,20220102,20220108
메르세데스-벤츠,29,경제,1주차,20220102,20220108
수급난,10,경제,1주차,20220102,20220108
아이오닉5,4,경제,1주차,20220102,20220108
조직구조,3,경제,1주차,20220102,20220108
원데,3,경제,1주차,20220102,20220108
조정함,3,경제,1주차,20220102,20220108
에브리웨어,10,경제,1주차,20220102,20220108
T우주,3,경제,1주차,20220102,20220108
아폴,3,경제,1주차,20220102,20220108
연구개발,54,경제,1주차,20220102,20220108
Telco,3,경제,1주차,20220102,20220108
One-Team,3,경제,1주차,20220102,20220108
빼어남,4,경제,1주차,20220102,20220108
후발주자,6,경제,1주차,20220102,20220108
사회구성원,4,경제,1주차,20220102,20220108
사회구성원으,4,경제,1주차,20220102,20220108
동백전,10,경제,1주차,20220102,20220108
신고기한,4,경제,1주차,20220102,20220108
보복소비,9,경제,1주차,20220102,20220108
만만,14,경제,1주차,20220102,20220108
탈원전,14,경제,1주차,20220102,20220108
횡령금액,6,경제,1주차,20220102,20220108
구조조정,14,경제,1주차,20220102,20220108
번번,6,경제,1주차,20220102,20220108
번거,9,경제,1주차,20220102,20220108
번거로움,4,경제,1주차,20220102,20220108
건강보험심사평가원,4,경제,1주차,20220102,20220108
산인공,5,경제,1주차,20220102,20220108
제한조치,3,경제,1주차,20220102,20220108
대출절벽,3,경제,1주차,20220102,20220108
부대비용,3,경제,1주차,20220102,20220108
래아,9,경제,1주차,20220102,20220108
뮤직비디오,9,경제,1주차,20220102,20220108
민간참여,3,경제,1주차,20220102,20220108
복합위기,4,경제,1주차,20220102,20220108
저절,7,경제,1주차,20220102,20220108
재정경제부,3,경제,1주차,20220102,20220108
확실시,5,경제,1주차,20220102,20220108
삼성디스플레,56,경제,1주차,20220102,20220108
서울중부센터,7,경제,1주차,20220102,20220108
대표증권사,6,경제,1주차,20220102,20220108
Vision,9,경제,1주차,20220102,20220108
투자역량,4,경제,1주차,20220102,20220108
디지털리딩컴퍼니,5,경제,1주차,20220102,20220108
데이터분석,4,경제,1주차,20220102,20220108
고객기반,3,경제,1주차,20220102,20220108
머니무브,7,경제,1주차,20220102,20220108
업무역량,3,경제,1주차,20220102,20220108
셀프리더십,3,경제,1주차,20220102,20220108
선도함,3,경제,1주차,20220102,20220108
수익센터,17,경제,1주차,20220102,20220108
범농협,9,경제,1주차,20220102,20220108
실태평가,23,경제,1주차,20220102,20220108
추진사항,3,경제,1주차,20220102,20220108
농업금융,3,경제,1주차,20220102,20220108
배가,8,경제,1주차,20220102,20220108
비금융사업,3,경제,1주차,20220102,20220108
아름,7,경제,1주차,20220102,20220108
아름다움,4,경제,1주차,20220102,20220108
경영체계,3,경제,1주차,20220102,20220108
고객관점,5,경제,1주차,20220102,20220108
소명의식,3,경제,1주차,20220102,20220108
탄소금융,5,경제,1주차,20220102,20220108
내부역량,3,경제,1주차,20220102,20220108
CT-P63,18,경제,1주차,20220102,20220108
중화능,9,경제,1주차,20220102,20220108
동물효능시험,3,경제,1주차,20220102,20220108
렉키로나,8,경제,1주차,20220102,20220108
규제기관,3,경제,1주차,20220102,20220108
금융투자산업,7,경제,1주차,20220102,20220108
소규모재개발,7,경제,1주차,20220102,20220108
소규모재개발사업,3,경제,1주차,20220102,20220108
가상자산,28,경제,1주차,20220102,20220108
ESG위원회,4,경제,1주차,20220102,20220108
넘버1,3,경제,1주차,20220102,20220108
가동률,15,경제,1주차,20220102,20220108
것임,21,경제,1주차,20220102,20220108
삼기,6,경제,1주차,20220102,20220108
Needs,3,경제,1주차,20220102,20220108
성장기업,3,경제,1주차,20220102,20220108
IBK금융그룹,3,경제,1주차,20220102,20220108
항공역사,4,경제,1주차,20220102,20220108
교통관리체계,3,경제,1주차,20220102,20220108
한국항공우주연구원,4,경제,1주차,20220102,20220108
년간,12,경제,1주차,20220102,20220108
로스웰인터내셔널,4,경제,1주차,20220102,20220108
중흥통신,9,경제,1주차,20220102,20220108
포스코모빌리티솔루션,3,경제,1주차,20220102,20220108
LG헬로비전,8,경제,1주차,20220102,20220108
성장사업,4,경제,1주차,20220102,20220108
SMR,20,경제,1주차,20220102,20220108
수소환원제철,6,경제,1주차,20220102,20220108
생산기반,3,경제,1주차,20220102,20220108
단속기간,4,경제,1주차,20220102,20220108
최상위권,3,경제,1주차,20220102,20220108
위기의식,6,경제,1주차,20220102,20220108
미래소재,4,경제,1주차,20220102,20220108
파이낸셜스토리,3,경제,1주차,20220102,20220108
배터리사업,4,경제,1주차,20220102,20220108
EV6,8,경제,1주차,20220102,20220108
GV70,5,경제,1주차,20220102,20220108
재정비,6,경제,1주차,20220102,20220108
이대,3,경제,1주차,20220102,20220108
국회예산정책처,7,경제,1주차,20220102,20220108
주무부처,6,경제,1주차,20220102,20220108
포티투닷,3,경제,1주차,20220102,20220108
렛츠와인,8,경제,1주차,20220102,20220108
페어링푸드,3,경제,1주차,20220102,20220108
금융불균형,5,경제,1주차,20220102,20220108
아이오닉6,4,경제,1주차,20220102,20220108
공기역학,6,경제,1주차,20220102,20220108
재해석,6,경제,1주차,20220102,20220108
EQS,11,경제,1주차,20220102,20220108
체인지메이커,7,경제,1주차,20220102,20220108
레그룸,7,경제,1주차,20220102,20220108
헤드업디스플레이,3,경제,1주차,20220102,20220108
체감BSI,4,경제,1주차,20220102,20220108
보스턴다이내믹스,23,경제,1주차,20220102,20220108
때때,3,경제,1주차,20220102,20220108
어반센트,5,경제,1주차,20220102,20220108
대방지구,5,경제,1주차,20220102,20220108
국가산업,3,경제,1주차,20220102,20220108
완벽함,3,경제,1주차,20220102,20220108
네트워크사업부,3,경제,1주차,20220102,20220108
상황임,3,경제,1주차,20220102,20220108
공개시스템,3,경제,1주차,20220102,20220108
전원회의,3,경제,1주차,20220102,20220108
제정안,5,경제,1주차,20220102,20220108
상품계리,4,경제,1주차,20220102,20220108
우주정거장,3,경제,1주차,20220102,20220108
금융발전,4,경제,1주차,20220102,20220108
현장직,3,경제,1주차,20220102,20220108
사로,11,경제,1주차,20220102,20220108
구현함,4,경제,1주차,20220102,20220108
도시철도,4,경제,1주차,20220102,20220108
중대재해법,13,경제,1주차,20220102,20220108
오픈런,3,경제,1주차,20220102,20220108
생방송,6,경제,1주차,20220102,20220108
마켓워치,3,경제,1주차,20220102,20220108
한줄평,5,경제,1주차,20220102,20220108
신한플레이,6,경제,1주차,20220102,20220108
한곳,9,경제,1주차,20220102,20220108
K-푸드,10,경제,1주차,20220102,20220108
사나,3,경제,1주차,20220102,20220108
통합항공사,3,경제,1주차,20220102,20220108
민간영역,3,경제,1주차,20220102,20220108
피팅룸,4,경제,1주차,20220102,20220108
시이에스,30,경제,1주차,20220102,20220108
기조연설자,9,경제,1주차,20220102,20220108
윤씨,7,경제,1주차,20220102,20220108
창업비용,3,경제,1주차,20220102,20220108
일성,3,경제,1주차,20220102,20220108
이아무개씨,3,경제,1주차,20220102,20220108
장기보유,5,경제,1주차,20220102,20220108
임대차시장,3,경제,1주차,20220102,20220108
F70,3,경제,1주차,20220102,20220108
동학개미,13,경제,1주차,20220102,20220108
폴딩,4,경제,1주차,20220102,20220108
희망회복자금,8,경제,1주차,20220102,20220108
한목소리,4,경제,1주차,20220102,20220108
후보자,3,경제,1주차,20220102,20220108
옆으,4,경제,1주차,20220102,20220108
선두기업,4,경제,1주차,20220102,20220108
부모찬스,4,경제,1주차,20220102,20220108
개발지역,14,경제,1주차,20220102,20220108
병행상품,4,경제,1주차,20220102,20220108
남용행위,8,경제,1주차,20220102,20220108
멀티호밍,18,경제,1주차,20220102,20220108
경쟁사업자,6,경제,1주차,20220102,20220108
소비자보호장치,3,경제,1주차,20220102,20220108
공기저항,11,경제,1주차,20220102,20220108
최고기술경영자,3,경제,1주차,20220102,20220108
최고출력,5,경제,1주차,20220102,20220108
무효화,3,경제,1주차,20220102,20220108
포지오티닙,8,경제,1주차,20220102,20220108
식품한국총괄,6,경제,1주차,20220102,20220108
가공밥,6,경제,1주차,20220102,20220108
종합식품회사,3,경제,1주차,20220102,20220108
여유정보,3,경제,1주차,20220102,20220108
아남아파트,3,경제,1주차,20220102,20220108
수평증축,5,경제,1주차,20220102,20220108
커튼월,6,경제,1주차,20220102,20220108
상의회관,4,경제,1주차,20220102,20220108
원자잿값,4,경제,1주차,20220102,20220108
조리기기,5,경제,1주차,20220102,20220108
플립3,7,경제,1주차,20220102,20220108
워치4,6,경제,1주차,20220102,20220108
kWh,6,경제,1주차,20220102,20220108
상품군,5,경제,1주차,20220102,20220108
온플법,17,경제,1주차,20220102,20220108
건강식품,10,경제,1주차,20220102,20220108
쿠팡플레,3,경제,1주차,20220102,20220108
크로스셀링,3,경제,1주차,20220102,20220108
문과계열,5,경제,1주차,20220102,20220108
중산층,4,경제,1주차,20220102,20220108
원화가,24,경제,1주차,20220102,20220108
달러값,7,경제,1주차,20220102,20220108
페드워치,3,경제,1주차,20220102,20220108
과소비,3,경제,1주차,20220102,20220108
최소구역,3,경제,1주차,20220102,20220108
종합연구,3,경제,1주차,20220102,20220108
경영계획,3,경제,1주차,20220102,20220108
수출금지,4,경제,1주차,20220102,20220108
과세기준,11,경제,1주차,20220102,20220108
부동산학,7,경제,1주차,20220102,20220108
탄소감축,11,경제,1주차,20220102,20220108
청정수소,9,경제,1주차,20220102,20220108
수요처,8,경제,1주차,20220102,20220108
확장현실,3,경제,1주차,20220102,20220108
지방인구,5,경제,1주차,20220102,20220108
배달대행업체,8,경제,1주차,20220102,20220108
단건배달,4,경제,1주차,20220102,20220108
실거리,4,경제,1주차,20220102,20220108
선정기준,3,경제,1주차,20220102,20220108
공공재개발,4,경제,1주차,20220102,20220108
해당지역,7,경제,1주차,20220102,20220108
소비자물가지수,4,경제,1주차,20220102,20220108
재정준칙,19,경제,1주차,20220102,20220108
GVC,5,경제,1주차,20220102,20220108
소부장,11,경제,1주차,20220102,20220108
잠재리스크,4,경제,1주차,20220102,20220108
보호조치,4,경제,1주차,20220102,20220108
감독제도,5,경제,1주차,20220102,20220108
상시감시체계,5,경제,1주차,20220102,20220108
강서점,3,경제,1주차,20220102,20220108
플러그파워,5,경제,1주차,20220102,20220108
내구성,8,경제,1주차,20220102,20220108
포스코홀딩스,7,경제,1주차,20220102,20220108
국민연금,9,경제,1주차,20220102,20220108
의무사항,5,경제,1주차,20220102,20220108
DRX,10,경제,1주차,20220102,20220108
택배화물,4,경제,1주차,20220102,20220108
두산퓨얼셀,4,경제,1주차,20220102,20220108
해상풍력터빈,4,경제,1주차,20220102,20220108
만달레,13,경제,1주차,20220102,20220108
만달레이베,12,경제,1주차,20220102,20220108
디지털치료기기,14,경제,1주차,20220102,20220108
Tomorrow,3,경제,1주차,20220102,20220108
제어함,3,경제,1주차,20220102,20220108
에코시스템,5,경제,1주차,20220102,20220108
일양택배,4,경제,1주차,20220102,20220108
HUB,3,경제,1주차,20220102,20220108
하이스텐,8,경제,1주차,20220102,20220108
생산과정,5,경제,1주차,20220102,20220108
UL인증,3,경제,1주차,20220102,20220108
주행가능거리,5,경제,1주차,20220102,20220108
소방분야,8,경제,1주차,20220102,20220108
오시리아역,4,경제,1주차,20220102,20220108
동물등록제,3,경제,1주차,20220102,20220108
초등학교,7,경제,1주차,20220102,20220108
스마트허브,3,경제,1주차,20220102,20220108
여행이,3,경제,1주차,20220102,20220108
자사우대,6,경제,1주차,20220102,20220108
신원정보,4,경제,1주차,20220102,20220108
포레나,18,경제,1주차,20220102,20220108
오리엔트비나,25,경제,1주차,20220102,20220108
신규시장,5,경제,1주차,20220102,20220108
한국식품사업,3,경제,1주차,20220102,20220108
자동차회사,7,경제,1주차,20220102,20220108
일부세대,3,경제,1주차,20220102,20220108
사업자등록번호,9,경제,1주차,20220102,20220108
총급여,10,경제,1주차,20220102,20220108
총급여액,3,경제,1주차,20220102,20220108
기본공제,7,경제,1주차,20220102,20220108
불평등,17,경제,1주차,20220102,20220108
뱅크몰,3,경제,1주차,20220102,20220108
암호통신,5,경제,1주차,20220102,20220108
체인저,7,경제,1주차,20220102,20220108
빨간불,3,경제,1주차,20220102,20220108
인니산,3,경제,1주차,20220102,20220108
보령홀딩스,5,경제,1주차,20220102,20220108
유레카파크,5,경제,1주차,20220102,20220108
로봇공학,8,경제,1주차,20220102,20220108
HJ중공업,6,경제,1주차,20220102,20220108
장요근,9,경제,1주차,20220102,20220108
복수개,4,경제,1주차,20220102,20220108
페이북,5,경제,1주차,20220102,20220108
거래질서,3,경제,1주차,20220102,20220108
점심시간,4,경제,1주차,20220102,20220108
회수기,5,경제,1주차,20220102,20220108
국제학,3,경제,1주차,20220102,20220108
안이,6,경제,1주차,20220102,20220108
코스닥시장위원회,3,경제,1주차,20220102,20220108
T세포,14,경제,1주차,20220102,20220108
SOLACTIVE,4,경제,1주차,20220102,20220108
루트임팩트,3,경제,1주차,20220102,20220108
서피비,4,경제,1주차,20220102,20220108
설루션,3,경제,1주차,20220102,20220108
콩콩콩,4,경제,1주차,20220102,20220108
애국애족,3,경제,1주차,20220102,20220108
디즈니플러스,5,경제,1주차,20220102,20220108
카카오페이신용카드,5,경제,1주차,20220102,20220108
불공정거래행위,4,경제,1주차,20220102,20220108
경쟁제한행위,6,경제,1주차,20220102,20220108
디엠에이,5,경제,1주차,20220102,20220108
최대주주가,4,경제,1주차,20220102,20220108
생딸기,3,경제,1주차,20220102,20220108
경제안보,22,경제,1주차,20220102,20220108
경제안보전쟁,3,경제,1주차,20220102,20220108
미입주,3,경제,1주차,20220102,20220108
랠리아트,9,경제,1주차,20220102,20220108
신용정보,6,경제,1주차,20220102,20220108
입법절차,5,경제,1주차,20220102,20220108
공동입장문,3,경제,1주차,20220102,20220108
보증가입,5,경제,1주차,20220102,20220108
이격거리,4,경제,1주차,20220102,20220108
침해소송,3,경제,1주차,20220102,20220108
연구조직,3,경제,1주차,20220102,20220108
DX부문,22,경제,1주차,20220102,20220108
직무특화,6,경제,1주차,20220102,20220108
육체직무,11,경제,1주차,20220102,20220108
소통직무,15,경제,1주차,20220102,20220108
상대공급,4,경제,1주차,20220102,20220108
유통기간,3,경제,1주차,20220102,20220108
K-콘텐츠,4,경제,1주차,20220102,20220108
대륙철도망,3,경제,1주차,20220102,20220108
철도건설사업,4,경제,1주차,20220102,20220108
현대화,5,경제,1주차,20220102,20220108
생산유발효과,8,경제,1주차,20220102,20220108
겐이치,4,경제,1주차,20220102,20220108
시저스팰리스,5,경제,1주차,20220102,20220108
팔란티어,54,경제,1주차,20220102,20220108
핵심경영진,4,경제,1주차,20220102,20220108
개발인력,6,경제,1주차,20220102,20220108
작업관리,3,경제,1주차,20220102,20220108
생산관리시스템,4,경제,1주차,20220102,20220108
선물가액,21,경제,1주차,20220102,20220108
행사가격,3,경제,1주차,20220102,20220108
가스불,4,경제,1주차,20220102,20220108
보도발표회,5,경제,1주차,20220102,20220108
메타모빌리티,25,경제,1주차,20220102,20220108
로봇개,14,경제,1주차,20220102,20220108
도요,61,경제,1주차,20220102,20220108
본허가,5,경제,1주차,20220102,20220108
인포마이닝,5,경제,1주차,20220102,20220108
사용함,7,경제,1주차,20220102,20220108
홈허브,3,경제,1주차,20220102,20220108
임대차계약,7,경제,1주차,20220102,20220108
K콘텐츠,3,경제,1주차,20220102,20220108
매입심,3,경제,1주차,20220102,20220108
발광원,7,경제,1주차,20220102,20220108
앙코르호텔,4,경제,1주차,20220102,20220108
동맹설,3,경제,1주차,20220102,20220108
K-콘텐트,3,경제,1주차,20220102,20220108
달러어치,7,경제,1주차,20220102,20220108
오이스터스틸,3,경제,1주차,20220102,20220108
공매,18,경제,1주차,20220102,20220108
DS부문,5,경제,1주차,20220102,20220108
식품사업운영본부장,3,경제,1주차,20220102,20220108
수출신용기관,4,경제,1주차,20220102,20220108
대외채무보증,11,경제,1주차,20220102,20220108
구매대금,14,경제,1주차,20220102,20220108
금융비서,5,경제,1주차,20220102,20220108
비전-S,15,경제,1주차,20220102,20220108
VR2,5,경제,1주차,20220102,20220108
고려삼,3,경제,1주차,20220102,20220108
아커BP,3,경제,1주차,20220102,20220108
경영책임자,8,경제,1주차,20220102,20220108
무야호,6,경제,1주차,20220102,20220108
예비타당성조사,4,경제,1주차,20220102,20220108
본인확인기관,7,경제,1주차,20220102,20220108
심사항목,7,경제,1주차,20220102,20220108
해양위성통신,4,경제,1주차,20220102,20220108
커피명가,3,경제,1주차,20220102,20220108
스트릿우먼파이터,4,경제,1주차,20220102,20220108
쇼트폼,10,경제,1주차,20220102,20220108
영양오일,3,경제,1주차,20220102,20220108
센트럴홀,15,경제,1주차,20220102,20220108
모델X,5,경제,1주차,20220102,20220108
웨스트홀,19,경제,1주차,20220102,20220108
보링컴퍼니,5,경제,1주차,20220102,20220108
서평택권,3,경제,1주차,20220102,20220108
주거인프라,3,경제,1주차,20220102,20220108
팩토리제로,3,경제,1주차,20220102,20220108
닛케,8,경제,1주차,20220102,20220108
센텀포레,3,경제,1주차,20220102,20220108
가속장치,3,경제,1주차,20220102,20220108
ISOL,4,경제,1주차,20220102,20220108
블록오디세이,5,경제,1주차,20220102,20220108
GSCPI,4,경제,1주차,20220102,20220108
부계혈족,4,경제,1주차,20220102,20220108
제자리걸음,5,경제,1주차,20220102,20220108
카카오페이증권,9,경제,1주차,20220102,20220108
QD-디스플레,12,경제,1주차,20220102,20220108
금융정의연대,4,경제,1주차,20220102,20220108
서울영테크,9,경제,1주차,20220102,20220108
고소득국가,4,경제,1주차,20220102,20220108
재정수입,3,경제,1주차,20220102,20220108
QD디스플레,13,경제,1주차,20220102,20220108
테마주들,4,경제,1주차,20220102,20220108
농협김치,4,경제,1주차,20220102,20220108
김치종주국,3,경제,1주차,20220102,20220108
컴투버스,10,경제,1주차,20220102,20220108
서울농협,3,경제,1주차,20220102,20220108
치유농업,6,경제,1주차,20220102,20220108
순금부적,3,경제,1주차,20220102,20220108
김캐디,10,경제,1주차,20220102,20220108
노브랜드버거,4,경제,1주차,20220102,20220108
탈모약,5,경제,1주차,20220102,20220108
닛케이평균,3,경제,1주차,20220102,20220108
수경재배키트,3,경제,1주차,20220102,20220108
서치플랫폼,7,경제,1주차,20220102,20220108
P부장,4,경제,1주차,20220102,20220108
개발이익,4,경제,1주차,20220102,20220108
순공급,3,경제,1주차,20220102,20220108
대사직,3,경제,1주차,20220102,20220108
R33,4,경제,1주차,20220102,20220108
건설비용,3,경제,1주차,20220102,20220108
노조추천이사제,8,경제,1주차,20220102,20220108
DCC,3,경제,1주차,20220102,20220108
보증자금,5,경제,1주차,20220102,20220108
자활근,5,경제,1주차,20220102,20220108
iX,40,경제,1주차,20220102,20220108
상속주택,41,경제,1주차,20220102,20220108
상속개시일,11,경제,1주차,20220102,20220108
주택건설사업자,8,경제,1주차,20220102,20220108
자율항해,3,경제,1주차,20220102,20220108
생산플랜트,6,경제,1주차,20220102,20220108
수소운반선,4,경제,1주차,20220102,20220108
클루인사이트,3,경제,1주차,20220102,20220108
서울대방,6,경제,1주차,20220102,20220108
종합등급,6,경제,1주차,20220102,20220108
노스홀,4,경제,1주차,20220102,20220108
부탄캔,14,경제,1주차,20220102,20220108
파열방지기능,3,경제,1주차,20220102,20220108
운반기준,4,경제,1주차,20220102,20220108
국가전략기술,24,경제,1주차,20220102,20220108
뷰포인트,3,경제,1주차,20220102,20220108
하락지역,3,경제,1주차,20220102,20220108
의정부시,7,경제,1주차,20220102,20220108
거래활동,3,경제,1주차,20220102,20220108
입찰시장,4,경제,1주차,20220102,20220108
풍력특별법,3,경제,1주차,20220102,20220108
환급분,4,경제,1주차,20220102,20220108
대차대조표,35,경제,1주차,20220102,20220108
기본공제액,3,경제,1주차,20220102,20220108
스탠다드에너지,4,경제,1주차,20220102,20220108
CE펀드,3,경제,1주차,20220102,20220108
해운운임,7,경제,1주차,20220102,20220108
제조기업,3,경제,1주차,20220102,20220108
오프라이스데,4,경제,1주차,20220102,20220108
주사무소,4,경제,1주차,20220102,20220108
대도시,6,경제,1주차,20220102,20220108
에어매트리스,8,경제,1주차,20220102,20220108
기준금액,5,경제,1주차,20220102,20220108
마리떼,4,경제,1주차,20220102,20220108
비전-S01,3,경제,1주차,20220102,20220108
유발효과,3,경제,1주차,20220102,20220108
동물복지법,5,경제,1주차,20220102,20220108
척추동물,7,경제,1주차,20220102,20220108
동물복지정책,4,경제,1주차,20220102,20220108
탈모샴푸,13,경제,1주차,20220102,20220108
영풍제지,4,경제,1주차,20220102,20220108
순환경제,10,경제,1주차,20220102,20220108
지구오염,5,경제,1주차,20220102,20220108
멸함,5,경제,1주차,20220102,20220108
허용가액,3,경제,1주차,20220102,20220108
비방송,3,경제,1주차,20220102,20220108
생활가전사업부,4,경제,1주차,20220102,20220108
재학생,3,경제,1주차,20220102,20220108
RESET,5,경제,1주차,20220102,20220108
보호대상자,4,경제,1주차,20220102,20220108
KT안심박스,3,경제,1주차,20220102,20220108
급속충전기,4,경제,1주차,20220102,20220108
럭키패스,4,경제,1주차,20220102,20220108
수소청소트럭,14,경제,1주차,20220102,20220108
오션뷰,3,경제,1주차,20220102,20220108
불닭브랜드,4,경제,1주차,20220102,20220108
AGBO,38,경제,1주차,20220102,20220108
옴니아트,4,경제,1주차,20220102,20220108
한국색채대상,4,경제,1주차,20220102,20220108
천스닥,7,경제,1주차,20220102,20220108
친환경매장,4,경제,1주차,20220102,20220108
유동환원,3,경제,1주차,20220102,20220108
M9,9,경제,1주차,20220102,20220108
A사업본부,3,경제,1주차,20220102,20220108
생산방식,3,경제,1주차,20220102,20220108
이사철,4,경제,1주차,20220102,20220108
공공대관업무,5,경제,1주차,20220102,20220108
입법데이터,4,경제,1주차,20220102,20220108
수령계좌,3,경제,1주차,20220102,20220108
경관심의,3,경제,1주차,20220102,20220108
과소정산,3,경제,1주차,20220102,20220108
철도운임,4,경제,1주차,20220102,20220108
환경성적,15,경제,1주차,20220102,20220108
맞벌,3,경제,1주차,20220102,20220108
카카오페이앱,4,경제,1주차,20220102,20220108
코인마켓캡,6,경제,1주차,20220102,20220108
토마토솔루션,7,경제,1주차,20220102,20220108
활동방안,3,경제,1주차,20220102,20220108
주민생활,3,경제,1주차,20220102,20220108
기초단위,4,경제,1주차,20220102,20220108
고급스러움,5,경제,1주차,20220102,20220108
행동문제,3,경제,1주차,20220102,20220108
준수사항,4,경제,1주차,20220102,20220108
DMI,8,경제,1주차,20220102,20220108
메티실린,4,경제,1주차,20220102,20220108
EY,14,경제,1주차,20220102,20220108
EY파르테논,3,경제,1주차,20220102,20220108
원두값,5,경제,1주차,20220102,20220108
프로마스터,3,경제,1주차,20220102,20220108
SDV,19,경제,1주차,20220102,20220108
전기에너지,5,경제,1주차,20220102,20220108
탄산음료,3,경제,1주차,20220102,20220108
K-OTC,11,경제,1주차,20220102,20220108
뉴욕상업거래소,3,경제,1주차,20220102,20220108
재생에너지원,6,경제,1주차,20220102,20220108
B6,17,경제,1주차,20220102,20220108
킹정,3,경제,1주차,20220102,20220108
메타팩토리,54,경제,1주차,20220102,20220108
가상공장,15,경제,1주차,20220102,20220108
수급지수,13,경제,1주차,20220102,20220108
인카페이먼트,5,경제,1주차,20220102,20220108
상승거래,3,경제,1주차,20220102,20220108
NE능률,4,경제,1주차,20220102,20220108
국가안전보장,10,경제,1주차,20220102,20220108
수사관서,5,경제,1주차,20220102,20220108
정보수사기관,6,경제,1주차,20220102,20220108
전기통신사업자,5,경제,1주차,20220102,20220108
폭력선동,3,경제,1주차,20220102,20220108
ARKK,11,경제,1주차,20220102,20220108
아블,6,경제,1주차,20220102,20220108
아웃오브스탁,4,경제,1주차,20220102,20220108
KT알파,4,경제,1주차,20220102,20220108
나이키매니아,3,경제,1주차,20220102,20220108
슈퍼호황기,4,경제,1주차,20220102,20220108
토탈베이커리시스템,3,경제,1주차,20220102,20220108
아이얌,5,경제,1주차,20220102,20220108
탈리스커,6,경제,1주차,20220102,20220108
실행방안,5,경제,1주차,20220102,20220108
하이트진로그룹,3,경제,1주차,20220102,20220108
OKTA,4,경제,1주차,20220102,20220108
한국산업기술대,6,경제,1주차,20220102,20220108
꿀맥주,4,경제,1주차,20220102,20220108
특별격려금,4,경제,1주차,20220102,20220108
방역정책,3,경제,1주차,20220102,20220108
DFC,6,경제,1주차,20220102,20220108
포티투에어,4,경제,1주차,20220102,20220108
근대골목단팥빵,4,경제,1주차,20220102,20220108
전통식재료,4,경제,1주차,20220102,20220108
노인환자,5,경제,1주차,20220102,20220108
제세동기,6,경제,1주차,20220102,20220108
란트팍,3,경제,1주차,20220102,20220108
경제가치,3,경제,1주차,20220102,20220108
부가가치유발효과,6,경제,1주차,20220102,20220108
생산유발계수,3,경제,1주차,20220102,20220108
비욘드허니컴,6,경제,1주차,20220102,20220108
구독인간,9,경제,1주차,20220102,20220108
국가부채비율,17,경제,1주차,20220102,20220108
재정여력,3,경제,1주차,20220102,20220108
시어스랩,3,경제,1주차,20220102,20220108
미러시티,4,경제,1주차,20220102,20220108
사전지정운용제도,12,경제,1주차,20220102,20220108
원리금보장상품,9,경제,1주차,20220102,20220108
사전지정운용방법,4,경제,1주차,20220102,20220108
밈스톡,7,경제,1주차,20220102,20220108
가스터빈,13,경제,1주차,20220102,20220108
LAR,3,경제,1주차,20220102,20220108
P400,18,경제,1주차,20220102,20220108
고해상도모니터S8,14,경제,1주차,20220102,20220108
스마트모니터M8,14,경제,1주차,20220102,20220108
오디세이네오G8,15,경제,1주차,20220102,20220108
희망대출,13,경제,1주차,20220102,20220108
고객,10,경제,1주차,20220102,20220108
모베드,18,경제,1주차,20220102,20220108
아틀라스,13,경제,1주차,20220102,20220108
스팟,10,경제,1주차,20220102,20220108
퀀텀미니LED,11,경제,1주차,20220102,20220108
위드코로나,10,경제,1주차,20220102,20220108
멸공,16,경제,1주차,20220102,20220108
설민생안정대책,12,경제,1주차,20220102,20220108
혁신투자,4,경제,2주차,20220109,20220115
국책연구원인,8,경제,2주차,20220109,20220115
계절조정,6,경제,2주차,20220109,20220115
부처합동,3,경제,2주차,20220109,20220115
분류전담,3,경제,2주차,20220109,20220115
허브터미널,3,경제,2주차,20220109,20220115
보조인력,3,경제,2주차,20220109,20220115
컨설팅업체,3,경제,2주차,20220109,20220115
공시대상기업집단,4,경제,2주차,20220109,20220115
공시이행,5,경제,2주차,20220109,20220115
출하금지,5,경제,2주차,20220109,20220115
실증테스트,3,경제,2주차,20220109,20220115
세금계산서비스,3,경제,2주차,20220109,20220115
안전보건관리체계,3,경제,2주차,20220109,20220115
특허담당,3,경제,2주차,20220109,20220115
회계결산,3,경제,2주차,20220109,20220115
제원정보,4,경제,2주차,20220109,20220115
신속조회,5,경제,2주차,20220109,20220115
평균금액,4,경제,2주차,20220109,20220115
활동지침,4,경제,2주차,20220109,20220115
공존시대,4,경제,2주차,20220109,20220115
구조전환,3,경제,2주차,20220109,20220115
NFT게임,3,경제,2주차,20220109,20220115
고정비용,6,경제,2주차,20220109,20220115
기계금속,3,경제,2주차,20220109,20220115
기초화학,3,경제,2주차,20220109,20220115
상당수가,4,경제,2주차,20220109,20220115
예술공원,5,경제,2주차,20220109,20220115
인구유입,4,경제,2주차,20220109,20220115
대중교통망,4,경제,2주차,20220109,20220115
바닥충격음,8,경제,2주차,20220109,20220115
금지행위,8,경제,2주차,20220109,20220115
공익사업계획,3,경제,2주차,20220109,20220115
복수응답,8,경제,2주차,20220109,20220115
공급병목,4,경제,2주차,20220109,20220115
해외금리연계,3,경제,2주차,20220109,20220115
로봇시장,6,경제,2주차,20220109,20220115
로봇제어기기,4,경제,2주차,20220109,20220115
루프라인,3,경제,2주차,20220109,20220115
입찰방법,3,경제,2주차,20220109,20220115
도심융합,3,경제,2주차,20220109,20220115
공급위축,4,경제,2주차,20220109,20220115
대지면적,10,경제,2주차,20220109,20220115
시장분석,4,경제,2주차,20220109,20220115
방송판매,3,경제,2주차,20220109,20220115
주택정비사업,3,경제,2주차,20220109,20220115
경쟁기업인,3,경제,2주차,20220109,20220115
방역단계,4,경제,2주차,20220109,20220115
공모상장리츠,8,경제,2주차,20220109,20220115
제품안전성,3,경제,2주차,20220109,20220115
산업가스,12,경제,2주차,20220109,20220115
머니마켓펀드,3,경제,2주차,20220109,20220115
작업방법,3,경제,2주차,20220109,20220115
종합연구소,4,경제,2주차,20220109,20220115
국가연합,3,경제,2주차,20220109,20220115
장기재정전망,4,경제,2주차,20220109,20220115
일반생활,4,경제,2주차,20220109,20220115
관리수준,5,경제,2주차,20220109,20220115
세수동향,4,경제,2주차,20220109,20220115
자기저항메모리,9,경제,2주차,20220109,20220115
저항메모리,4,경제,2주차,20220109,20220115
하버드대학교,3,경제,2주차,20220109,20220115
반도체연구소,6,경제,2주차,20220109,20220115
품질관리기준,3,경제,2주차,20220109,20220115
해당업종,4,경제,2주차,20220109,20220115
네이버플러스,4,경제,2주차,20220109,20220115
마찰에너지,3,경제,2주차,20220109,20220115
광고판촉비,3,경제,2주차,20220109,20220115
선행연구,3,경제,2주차,20220109,20220115
노인부양,3,경제,2주차,20220109,20220115
구입비용,5,경제,2주차,20220109,20220115
자료제공,4,경제,2주차,20220109,20220115
전자기부금,7,경제,2주차,20220109,20220115
정부합동,10,경제,2주차,20220109,20220115
준칙금리,4,경제,2주차,20220109,20220115
영업금지,12,경제,2주차,20220109,20220115
시니어케어,4,경제,2주차,20220109,20220115
납입금액,14,경제,2주차,20220109,20220115
SK스퀘어,57,경제,2주차,20220109,20220115
시너지협의체,12,경제,2주차,20220109,20220115
Inc,16,경제,2주차,20220109,20220115
자율주,191,경제,2주차,20220109,20220115
사업조직,7,경제,2주차,20220109,20220115
한달,20,경제,2주차,20220109,20220115
IP센터장,11,경제,2주차,20220109,20220115
동부지방법원,8,경제,2주차,20220109,20220115
삼성전자아메리카,6,경제,2주차,20220109,20220115
시너지IP,14,경제,2주차,20220109,20220115
LLC,6,경제,2주차,20220109,20220115
수백억원대,7,경제,2주차,20220109,20220115
특허변호사,4,경제,2주차,20220109,20220115
스텔란티스,16,경제,2주차,20220109,20220115
제공할,49,경제,2주차,20220109,20220115
한전아트센터,9,경제,2주차,20220109,20220115
이같,69,경제,2주차,20220109,20220115
주요재해,5,경제,2주차,20220109,20220115
간접활선,21,경제,2주차,20220109,20220115
배전공사,5,경제,2주차,20220109,20220115
전기공사,27,경제,2주차,20220109,20220115
전기공사업체,8,경제,2주차,20220109,20220115
추락방지장치,8,경제,2주차,20220109,20220115
안전담당자,9,경제,2주차,20220109,20220115
불법하도급,6,경제,2주차,20220109,20220115
손해보험협회,4,경제,2주차,20220109,20220115
높기,11,경제,2주차,20220109,20220115
가공식품,30,경제,2주차,20220109,20220115
전용상품,5,경제,2주차,20220109,20220115
심상,12,경제,2주차,20220109,20220115
물가상승세,3,경제,2주차,20220109,20220115
운용수익,5,경제,2주차,20220109,20220115
공피,5,경제,2주차,20220109,20220115
없음,9,경제,2주차,20220109,20220115
재작업,4,경제,2주차,20220109,20220115
콤프레서,7,경제,2주차,20220109,20220115
예상대,5,경제,2주차,20220109,20220115
비정상,5,경제,2주차,20220109,20220115
제너럴모터스,10,경제,2주차,20220109,20220115
당해지역,3,경제,2주차,20220109,20220115
CTA,14,경제,2주차,20220109,20220115
스크,38,경제,2주차,20220109,20220115
US,19,경제,2주차,20220109,20220115
택배사업장,3,경제,2주차,20220109,20220115
특별관리기간,9,경제,2주차,20220109,20220115
생명보험상품,4,경제,2주차,20220109,20220115
질병보험,3,경제,2주차,20220109,20220115
노후생활,7,경제,2주차,20220109,20220115
기본예탁금,17,경제,2주차,20220109,20220115
재무요건,3,경제,2주차,20220109,20220115
투자전문회사,3,경제,2주차,20220109,20220115
CDMO,23,경제,2주차,20220109,20220115
EPC,9,경제,2주차,20220109,20220115
롯데온,23,경제,2주차,20220109,20220115
구이용,8,경제,2주차,20220109,20220115
공시대상,8,경제,2주차,20220109,20220115
소유지배구조,9,경제,2주차,20220109,20220115
순매출액,3,경제,2주차,20220109,20220115
자산거래,3,경제,2주차,20220109,20220115
SAPEON,17,경제,2주차,20220109,20220115
낸드사업부,4,경제,2주차,20220109,20220115
가까운,43,경제,2주차,20220109,20220115
시레토코라보,3,경제,2주차,20220109,20220115
크레,15,경제,2주차,20220109,20220115
제재함,3,경제,2주차,20220109,20220115
네이버페,10,경제,2주차,20220109,20220115
보유기간,22,경제,2주차,20220109,20220115
거주이전,3,경제,2주차,20220109,20220115
부수토지,4,경제,2주차,20220109,20220115
장기보유특별공제,3,경제,2주차,20220109,20220115
실명제,7,경제,2주차,20220109,20220115
부적정행위,3,경제,2주차,20220109,20220115
현장인력,3,경제,2주차,20220109,20220115
비효율,13,경제,2주차,20220109,20220115
셀리몬,3,경제,2주차,20220109,20220115
세무학,4,경제,2주차,20220109,20220115
기술정보,3,경제,2주차,20220109,20220115
K-,27,경제,2주차,20220109,20220115
브리즘,8,경제,2주차,20220109,20220115
GS퓨처스,8,경제,2주차,20220109,20220115
대주,25,경제,2주차,20220109,20220115
알짜노선,4,경제,2주차,20220109,20220115
CVC팀장,3,경제,2주차,20220109,20220115
ESG,116,경제,2주차,20220109,20220115
예술시장,4,경제,2주차,20220109,20220115
도래함,4,경제,2주차,20220109,20220115
자율운항선박,23,경제,2주차,20220109,20220115
영끌,18,경제,2주차,20220109,20220115
보조시스템,3,경제,2주차,20220109,20220115
풍절음,5,경제,2주차,20220109,20220115
신문기사,4,경제,2주차,20220109,20220115
원두가격,4,경제,2주차,20220109,20220115
따상,17,경제,2주차,20220109,20220115
갑작,11,경제,2주차,20220109,20220115
따블,3,경제,2주차,20220109,20220115
SK아이이테크놀로지,7,경제,2주차,20220109,20220115
망설,8,경제,2주차,20220109,20220115
그린워싱,5,경제,2주차,20220109,20220115
재탄생,3,경제,2주차,20220109,20220115
바리스,17,경제,2주차,20220109,20220115
퀵커머스,4,경제,2주차,20220109,20220115
업태별,3,경제,2주차,20220109,20220115
그럼에,23,경제,2주차,20220109,20220115
최고경영자,61,경제,2주차,20220109,20220115
시간대,7,경제,2주차,20220109,20220115
공정시장가격,12,경제,2주차,20220109,20220115
전기저항,3,경제,2주차,20220109,20220115
마사지체어,3,경제,2주차,20220109,20220115
투자업계,5,경제,2주차,20220109,20220115
노후소득,21,경제,2주차,20220109,20220115
레벨3,26,경제,2주차,20220109,20220115
임시인력,4,경제,2주차,20220109,20220115
순수전기차,10,경제,2주차,20220109,20220115
절연버킷,5,경제,2주차,20220109,20220115
특례제도,4,경제,2주차,20220109,20220115
과세특례,3,경제,2주차,20220109,20220115
상속공제,4,경제,2주차,20220109,20220115
세대교체,3,경제,2주차,20220109,20220115
터치식,3,경제,2주차,20220109,20220115
중국산,18,경제,2주차,20220109,20220115
HMM,7,경제,2주차,20220109,20220115
특화점포,3,경제,2주차,20220109,20220115
뿔뿔,6,경제,2주차,20220109,20220115
카카오엔터,17,경제,2주차,20220109,20220115
카카오엔터테인먼트,14,경제,2주차,20220109,20220115
부스터샷,5,경제,2주차,20220109,20220115
임대차법,23,경제,2주차,20220109,20220115
실효성,16,경제,2주차,20220109,20220115
E-GMP,7,경제,2주차,20220109,20220115
상품성,12,경제,2주차,20220109,20220115
무선업데이트,3,경제,2주차,20220109,20220115
XC,21,경제,2주차,20220109,20220115
달파,6,경제,2주차,20220109,20220115
달파멸콩,3,경제,2주차,20220109,20220115
충무,4,경제,2주차,20220109,20220115
방역조처,3,경제,2주차,20220109,20220115
대면업종,3,경제,2주차,20220109,20220115
호남화력,10,경제,2주차,20220109,20220115
미래사업부,3,경제,2주차,20220109,20220115
배기음,7,경제,2주차,20220109,20220115
우리웨딩데이,4,경제,2주차,20220109,20220115
에코존,3,경제,2주차,20220109,20220115
홈인테리어,5,경제,2주차,20220109,20220115
카본파이버,6,경제,2주차,20220109,20220115
고지의무,26,경제,2주차,20220109,20220115
부정확,3,경제,2주차,20220109,20220115
인수대금,17,경제,2주차,20220109,20220115
확보함,4,경제,2주차,20220109,20220115
정밀실사,4,경제,2주차,20220109,20220115
신세계인터네셔날,3,경제,2주차,20220109,20220115
종목토론방,3,경제,2주차,20220109,20220115
코폴리에스터,3,경제,2주차,20220109,20220115
해당분야,3,경제,2주차,20220109,20220115
말하기,9,경제,2주차,20220109,20220115
재정동향,32,경제,2주차,20220109,20220115
국가재정법,17,경제,2주차,20220109,20220115
세계잉여금,22,경제,2주차,20220109,20220115
개시일,3,경제,2주차,20220109,20220115
정관장몰,4,경제,2주차,20220109,20220115
발행량,6,경제,2주차,20220109,20220115
선지급금,33,경제,2주차,20220109,20220115
방역지원,67,경제,2주차,20220109,20220115
자동차365,7,경제,2주차,20220109,20220115
간소화,103,경제,2주차,20220109,20220115
문자인증,4,경제,2주차,20220109,20220115
공동소유자,3,경제,2주차,20220109,20220115
자동차등록번호,4,경제,2주차,20220109,20220115
개선사항,3,경제,2주차,20220109,20220115
비밀번호,3,경제,2주차,20220109,20220115
모집공고일,3,경제,2주차,20220109,20220115
자질이,12,경제,2주차,20220109,20220115
포시즌스호텔,3,경제,2주차,20220109,20220115
핵심전략기술,8,경제,2주차,20220109,20220115
KCC글라스,8,경제,2주차,20220109,20220115
지인스퀘어,4,경제,2주차,20220109,20220115
비아,3,경제,2주차,20220109,20220115
기성세대,4,경제,2주차,20220109,20220115
타당,13,경제,2주차,20220109,20220115
기금운용위원회,5,경제,2주차,20220109,20220115
신속통합기획,9,경제,2주차,20220109,20220115
새집,6,경제,2주차,20220109,20220115
C레벨,9,경제,2주차,20220109,20220115
인과관계,9,경제,2주차,20220109,20220115
모자회사,3,경제,2주차,20220109,20220115
보호대상,6,경제,2주차,20220109,20220115
과포장,3,경제,2주차,20220109,20220115
희소,12,경제,2주차,20220109,20220115
의류환경학,4,경제,2주차,20220109,20220115
보증한도,6,경제,2주차,20220109,20220115
생활용품,17,경제,2주차,20220109,20220115
솔벤트,4,경제,2주차,20220109,20220115
재생수지,3,경제,2주차,20220109,20220115
일괄제공,27,경제,2주차,20220109,20220115
국세통계포털,8,경제,2주차,20220109,20220115
소득공제액,3,경제,2주차,20220109,20220115
자동차관,6,경제,2주차,20220109,20220115
국제무역통상연구원,5,경제,2주차,20220109,20220115
건강자산,11,경제,2주차,20220109,20220115
관련비용,12,경제,2주차,20220109,20220115
사업연도,6,경제,2주차,20220109,20220115
운행기록부,6,경제,2주차,20220109,20220115
감가상각비상당액,3,경제,2주차,20220109,20220115
특례규정,3,경제,2주차,20220109,20220115
수선유지비,3,경제,2주차,20220109,20220115
패스트패션,27,경제,2주차,20220109,20220115
지속가능패션,3,경제,2주차,20220109,20220115
스레드업,7,경제,2주차,20220109,20220115
사고조사위원회,3,경제,2주차,20220109,20220115
손보사들,6,경제,2주차,20220109,20220115
통화정책방향,21,경제,2주차,20220109,20220115
기대인플레이션,4,경제,2주차,20220109,20220115
대면서비스업,10,경제,2주차,20220109,20220115
JP모건체이스,13,경제,2주차,20220109,20220115
불안정성,4,경제,2주차,20220109,20220115
안내문자,4,경제,2주차,20220109,20220115
부동산개발사,4,경제,2주차,20220109,20220115
VIC마켓,4,경제,2주차,20220109,20220115
경영전략회의,8,경제,2주차,20220109,20220115
포토행사,8,경제,2주차,20220109,20220115
유효성,8,경제,2주차,20220109,20220115
기술이전,5,경제,2주차,20220109,20220115
트윈코리아,8,경제,2주차,20220109,20220115
마키나이츠,3,경제,2주차,20220109,20220115
Klaytn,6,경제,2주차,20220109,20220115
위믹스,48,경제,2주차,20220109,20220115
중첩현상,3,경제,2주차,20220109,20220115
개발도구,3,경제,2주차,20220109,20220115
활용함,3,경제,2주차,20220109,20220115
퓨어사이클테크놀로지,3,경제,2주차,20220109,20220115
재생PP,12,경제,2주차,20220109,20220115
포장용기,4,경제,2주차,20220109,20220115
사업목표,3,경제,2주차,20220109,20220115
에이티패,3,경제,2주차,20220109,20220115
검사기간,3,경제,2주차,20220109,20220115
협업체계,3,경제,2주차,20220109,20220115
안심케어,4,경제,2주차,20220109,20220115
급속충,7,경제,2주차,20220109,20220115
일주일,24,경제,2주차,20220109,20220115
집단행동,3,경제,2주차,20220109,20220115
회계연도,7,경제,2주차,20220109,20220115
허덕,3,경제,2주차,20220109,20220115
애플카,11,경제,2주차,20220109,20220115
나스닥시장,4,경제,2주차,20220109,20220115
모델Y,5,경제,2주차,20220109,20220115
CGT,4,경제,2주차,20220109,20220115
투자활동,3,경제,2주차,20220109,20220115
과학기술,31,경제,2주차,20220109,20220115
면역반응,4,경제,2주차,20220109,20220115
상품본부,3,경제,2주차,20220109,20220115
CALT,4,경제,2주차,20220109,20220115
질적,8,경제,2주차,20220109,20220115
HDC현대산업,52,경제,2주차,20220109,20220115
도급계약서,6,경제,2주차,20220109,20220115
사업참여제안서,4,경제,2주차,20220109,20220115
추가공사,3,경제,2주차,20220109,20220115
SUV임,3,경제,2주차,20220109,20220115
정지상태,3,경제,2주차,20220109,20220115
벤처육성,3,경제,2주차,20220109,20220115
도시정비업계,3,경제,2주차,20220109,20220115
연합추진위,3,경제,2주차,20220109,20220115
정기구독,8,경제,2주차,20220109,20220115
잭슨피자,3,경제,2주차,20220109,20220115
공운법,7,경제,2주차,20220109,20220115
경영이사회,5,경제,2주차,20220109,20220115
감독이사회,7,경제,2주차,20220109,20220115
공적,74,경제,2주차,20220109,20220115
중요시,3,경제,2주차,20220109,20220115
인포테인먼트,64,경제,2주차,20220109,20220115
AR피디아,3,경제,2주차,20220109,20220115
공정재료,3,경제,2주차,20220109,20220115
분류체계,4,경제,2주차,20220109,20220115
투자시장,3,경제,2주차,20220109,20220115
간소화자료,19,경제,2주차,20220109,20220115
씨앗키트,8,경제,2주차,20220109,20220115
비상식량,4,경제,2주차,20220109,20220115
SSG랜더스,6,경제,2주차,20220109,20220115
집진필터,4,경제,2주차,20220109,20220115
원천징수분,5,경제,2주차,20220109,20220115
원천세,13,경제,2주차,20220109,20220115
통합재정수지,10,경제,2주차,20220109,20220115
적자국채,36,경제,2주차,20220109,20220115
심사지침,6,경제,2주차,20220109,20220115
정지작업,4,경제,2주차,20220109,20220115
주주대표,64,경제,2주차,20220109,20220115
수탁자책임전문위원회,9,경제,2주차,20220109,20220115
공제한도,3,경제,2주차,20220109,20220115
로보틱스랩,3,경제,2주차,20220109,20220115
오픈페이,15,경제,2주차,20220109,20220115
본판매,3,경제,2주차,20220109,20220115
폐페트병,3,경제,2주차,20220109,20220115
예금은행,3,경제,2주차,20220109,20220115
생선구,5,경제,2주차,20220109,20220115
편의사양,7,경제,2주차,20220109,20220115
평가가치,3,경제,2주차,20220109,20220115
팬트리,6,경제,2주차,20220109,20220115
덕천지구,3,경제,2주차,20220109,20220115
블룸버,29,경제,2주차,20220109,20220115
OCR,5,경제,2주차,20220109,20220115
결과값,3,경제,2주차,20220109,20220115
재무부,7,경제,2주차,20220109,20220115
복수의결권,12,경제,2주차,20220109,20220115
오늘의픽업,3,경제,2주차,20220109,20220115
물류망,6,경제,2주차,20220109,20220115
빗발,6,경제,2주차,20220109,20220115
금융정책,5,경제,2주차,20220109,20220115
금융감독위원회,4,경제,2주차,20220109,20220115
감독기구,4,경제,2주차,20220109,20220115
금융관료,4,경제,2주차,20220109,20220115
같은달,5,경제,2주차,20220109,20220115
세목별,8,경제,2주차,20220109,20220115
이해부족,3,경제,2주차,20220109,20220115
안전비용,4,경제,2주차,20220109,20220115
발전원가,6,경제,2주차,20220109,20220115
국제에너지기구,3,경제,2주차,20220109,20220115
에너지믹스,3,경제,2주차,20220109,20220115
수책위,8,경제,2주차,20220109,20220115
HR-V,14,경제,2주차,20220109,20220115
단조,3,경제,2주차,20220109,20220115
콰트,19,경제,2주차,20220109,20220115
성공률,3,경제,2주차,20220109,20220115
경기실크부지,3,경제,2주차,20220109,20220115
정책지원,4,경제,2주차,20220109,20220115
인앱결제,28,경제,2주차,20220109,20220115
외부결제,7,경제,2주차,20220109,20220115
결제방식,6,경제,2주차,20220109,20220115
국가통계포털,7,경제,2주차,20220109,20220115
인출금액,3,경제,2주차,20220109,20220115
기타소득,7,경제,2주차,20220109,20220115
인출분,3,경제,2주차,20220109,20220115
경제시스템,4,경제,2주차,20220109,20220115
공인전자문서,4,경제,2주차,20220109,20220115
보증약관,3,경제,2주차,20220109,20220115
외국인등록번호,3,경제,2주차,20220109,20220115
농촌생산관리지역,3,경제,2주차,20220109,20220115
하나금융경영연구소,7,경제,2주차,20220109,20220115
서부지역,4,경제,2주차,20220109,20220115
환승교통체계,4,경제,2주차,20220109,20220115
분석자료,3,경제,2주차,20220109,20220115
생산효,5,경제,2주차,20220109,20220115
고용효,5,경제,2주차,20220109,20220115
수거박스,6,경제,2주차,20220109,20220115
비금융서비스,4,경제,2주차,20220109,20220115
대덕연구개발특구,4,경제,2주차,20220109,20220115
구미컨벤션센터,7,경제,2주차,20220109,20220115
차단성능,3,경제,2주차,20220109,20220115
지방건축위원회,3,경제,2주차,20220109,20220115
구조대,3,경제,2주차,20220109,20220115
삼성닷컴,9,경제,2주차,20220109,20220115
축산원,12,경제,2주차,20220109,20220115
가요계,3,경제,2주차,20220109,20220115
웨이모,5,경제,2주차,20220109,20220115
홀벌,3,경제,2주차,20220109,20220115
취득일,4,경제,2주차,20220109,20220115
김지,11,경제,2주차,20220109,20220115
지역사랑,5,경제,2주차,20220109,20220115
양성평등,3,경제,2주차,20220109,20220115
발전시스템,3,경제,2주차,20220109,20220115
진중,4,경제,2주차,20220109,20220115
쟈스민블랙,4,경제,2주차,20220109,20220115
소비자학,3,경제,2주차,20220109,20220115
세대전원,6,경제,2주차,20220109,20220115
이용률,5,경제,2주차,20220109,20220115
불일치,5,경제,2주차,20220109,20220115
나스닥지수,5,경제,2주차,20220109,20220115
모나미153,4,경제,2주차,20220109,20220115
바이오일레븐,4,경제,2주차,20220109,20220115
드시모네,13,경제,2주차,20220109,20220115
KEEM,3,경제,2주차,20220109,20220115
사례연구,4,경제,2주차,20220109,20220115
삼성바,46,경제,2주차,20220109,20220115
바이우비즈,7,경제,2주차,20220109,20220115
손택스,7,경제,2주차,20220109,20220115
통합인증,4,경제,2주차,20220109,20220115
전자서명인증사업자,4,경제,2주차,20220109,20220115
청약홈,3,경제,2주차,20220109,20220115
KITH,9,경제,2주차,20220109,20220115
자기만족,3,경제,2주차,20220109,20220115
전원선,3,경제,2주차,20220109,20220115
모모스커피,6,경제,2주차,20220109,20220115
주식수,3,경제,2주차,20220109,20220115
연결순이익,4,경제,2주차,20220109,20220115
B테스트,14,경제,2주차,20220109,20220115
최유라쇼,4,경제,2주차,20220109,20220115
주문금액,3,경제,2주차,20220109,20220115
고급인재,3,경제,2주차,20220109,20220115
토그,5,경제,2주차,20220109,20220115
사전당첨자,3,경제,2주차,20220109,20220115
포항자,5,경제,2주차,20220109,20220115
특수기,6,경제,2주차,20220109,20220115
한정적,3,경제,2주차,20220109,20220115
한국RMHC,3,경제,2주차,20220109,20220115
기타공사,3,경제,2주차,20220109,20220115
메르세데스벤츠,11,경제,2주차,20220109,20220115
주택임대차보호법,10,경제,2주차,20220109,20220115
취재팀,3,경제,2주차,20220109,20220115
반노동,4,경제,2주차,20220109,20220115
주택구매,4,경제,2주차,20220109,20220115
코카-콜라,10,경제,2주차,20220109,20220115
쏘이치킨,3,경제,2주차,20220109,20220115
흐코,5,경제,2주차,20220109,20220115
데코픽,4,경제,2주차,20220109,20220115
포레센트,3,경제,2주차,20220109,20220115
청주그리니티,3,경제,2주차,20220109,20220115
익스테리어,3,경제,2주차,20220109,20220115
안양시외버스정류장,3,경제,2주차,20220109,20220115
신용보증재단,6,경제,2주차,20220109,20220115
소회의,14,경제,2주차,20220109,20220115
연금S톡,9,경제,2주차,20220109,20220115
초고온가스,4,경제,2주차,20220109,20220115
USNC,6,경제,2주차,20220109,20220115
베르몬트,3,경제,2주차,20220109,20220115
전자고지,3,경제,2주차,20220109,20220115
갤럭시Z플립3,4,경제,2주차,20220109,20220115
철도수송체계,3,경제,2주차,20220109,20220115
대만달러,3,경제,2주차,20220109,20220115
통화당국,5,경제,2주차,20220109,20220115
기정사실화,4,경제,2주차,20220109,20220115
보온효과,6,경제,2주차,20220109,20220115
연계성,3,경제,2주차,20220109,20220115
분양원가,8,경제,2주차,20220109,20220115
프레시코드,3,경제,2주차,20220109,20220115
행사카드,5,경제,2주차,20220109,20220115
배달료,13,경제,2주차,20220109,20220115
음식배달,3,경제,2주차,20220109,20220115
최대금액,3,경제,2주차,20220109,20220115
공공성,6,경제,2주차,20220109,20220115
노동이사법,4,경제,2주차,20220109,20220115
퇴직연금계좌,3,경제,2주차,20220109,20220115
고층부,4,경제,2주차,20220109,20220115
뮤지엄파크,3,경제,2주차,20220109,20220115
프로셰어즈,3,경제,2주차,20220109,20220115
소상공인진흥공단,3,경제,2주차,20220109,20220115
발표자,3,경제,2주차,20220109,20220115
통화정책방향회의,3,경제,2주차,20220109,20220115
공동행위,19,경제,2주차,20220109,20220115
엘지화학,10,경제,2주차,20220109,20220115
공정위원회,5,경제,2주차,20220109,20220115
국토안전관리원,4,경제,2주차,20220109,20220115
갱폼,3,경제,2주차,20220109,20220115
인구변화,5,경제,2주차,20220109,20220115
지역소멸,6,경제,2주차,20220109,20220115
지역활력,4,경제,2주차,20220109,20220115
자치교육,5,경제,2주차,20220109,20220115
G-파워,4,경제,2주차,20220109,20220115
엑스포타워,6,경제,2주차,20220109,20220115
드림셰프,8,경제,2주차,20220109,20220115
홈쇼핑,15,경제,2주차,20220109,20220115
반품충당부채,9,경제,2주차,20220109,20220115
회계저널,3,경제,2주차,20220109,20220115
소화하기,3,경제,2주차,20220109,20220115
외벽붕괴사고,3,경제,2주차,20220109,20220115
자산관리회사,10,경제,2주차,20220109,20220115
사회기반시설,3,경제,2주차,20220109,20220115
앵커투자,3,경제,2주차,20220109,20220115
블랙샴푸,3,경제,2주차,20220109,20220115
행정예고안,4,경제,2주차,20220109,20220115
THB,19,경제,2주차,20220109,20220115
비임상,3,경제,2주차,20220109,20220115
RMR,5,경제,2주차,20220109,20220115
산소공장,10,경제,2주차,20220109,20220115
노광공정,4,경제,2주차,20220109,20220115
TEMC,24,경제,2주차,20220109,20220115
기타금융기관,3,경제,2주차,20220109,20220115
건설사고조사위원회,6,경제,2주차,20220109,20220115
재발방지대책,6,경제,2주차,20220109,20220115
한국광해광업공단,3,경제,2주차,20220109,20220115
비순정부품,77,경제,2주차,20220109,20220115
취급설명서,39,경제,2주차,20220109,20220115
차량취급설명서,10,경제,2주차,20220109,20220115
자동차학,3,경제,2주차,20220109,20220115
데이터전문기관,8,경제,2주차,20220109,20220115
사내벤처제도,3,경제,2주차,20220109,20220115
스마트스토어,3,경제,2주차,20220109,20220115
로지테인먼트,6,경제,2주차,20220109,20220115
기업결합심사,6,경제,2주차,20220109,20220115
보건업,6,경제,2주차,20220109,20220115
사회복지서비스업,3,경제,2주차,20220109,20220115
수입의존도,7,경제,2주차,20220109,20220115
국제통상연구원,5,경제,2주차,20220109,20220115
국제대학원,3,경제,2주차,20220109,20220115
도모함,3,경제,2주차,20220109,20220115
부정청탁금지법,7,경제,2주차,20220109,20220115
오출금,3,경제,2주차,20220109,20220115
골조공사,4,경제,2주차,20220109,20220115
내외부,3,경제,2주차,20220109,20220115
건축공학과,5,경제,2주차,20220109,20220115
케링그룹,4,경제,2주차,20220109,20220115
신한자산운용,6,경제,2주차,20220109,20220115
STAR50지수,3,경제,2주차,20220109,20220115
SMIC,6,경제,2주차,20220109,20220115
장외파생상품,4,경제,2주차,20220109,20220115
운용보수,4,경제,2주차,20220109,20220115
전자전기공학,3,경제,2주차,20220109,20220115
노이,15,경제,2주차,20220109,20220115
하이실리콘,4,경제,2주차,20220109,20220115
완독지수,3,경제,2주차,20220109,20220115
고만고만,3,경제,2주차,20220109,20220115
근무공간,3,경제,2주차,20220109,20220115
예약절차,3,경제,2주차,20220109,20220115
희귀가스,21,경제,2주차,20220109,20220115
자추위,8,경제,2주차,20220109,20220115
장기재정,6,경제,2주차,20220109,20220115
중기지원본부,3,경제,2주차,20220109,20220115
중과배제,3,경제,2주차,20220109,20220115
주행모드,3,경제,2주차,20220109,20220115
Y퓨처리스트,3,경제,2주차,20220109,20220115
소통플랫폼,19,경제,2주차,20220109,20220115
제안하기,3,경제,2주차,20220109,20220115
유통거래,3,경제,2주차,20220109,20220115
말레이시아CU,13,경제,2주차,20220109,20220115
오징어게임,5,경제,2주차,20220109,20220115
흡수원,4,경제,2주차,20220109,20220115
화학비료,3,경제,2주차,20220109,20220115
공기분리장치,4,경제,2주차,20220109,20220115
젠3,3,경제,2주차,20220109,20220115
고무농가,4,경제,2주차,20220109,20220115
나날,3,경제,2주차,20220109,20220115
공식몰,3,경제,2주차,20220109,20220115
중앙정보디스플레,5,경제,2주차,20220109,20220115
한국CXO연구소,3,경제,2주차,20220109,20220115
주식종목,3,경제,2주차,20220109,20220115
편지함,10,경제,2주차,20220109,20220115
운영함,4,경제,2주차,20220109,20220115
교육과정,4,경제,2주차,20220109,20220115
트레이드인,3,경제,2주차,20220109,20220115
해결단,3,경제,2주차,20220109,20220115
센터디스플레이,3,경제,2주차,20220109,20220115
상승압력,4,경제,2주차,20220109,20220115
동아플레이팅,3,경제,2주차,20220109,20220115
서버실,4,경제,2주차,20220109,20220115
사용후배터리,4,경제,2주차,20220109,20220115
브런,3,경제,2주차,20220109,20220115
지표성분,3,경제,2주차,20220109,20220115
정보처리,3,경제,2주차,20220109,20220115
웨비나,5,경제,2주차,20220109,20220115
상호금융,14,경제,2주차,20220109,20220115
상호금융업,8,경제,2주차,20220109,20220115
총대출,3,경제,2주차,20220109,20220115
표시행위,4,경제,2주차,20220109,20220115
자율배달,4,경제,2주차,20220109,20220115
시장질서,3,경제,2주차,20220109,20220115
중금리,3,경제,2주차,20220109,20220115
테라펀딩,4,경제,2주차,20220109,20220115
소득원,7,경제,2주차,20220109,20220115
운송실적,4,경제,2주차,20220109,20220115
세계경제전망,3,경제,2주차,20220109,20220115
혁신순위,3,경제,2주차,20220109,20220115
질의응답,3,경제,2주차,20220109,20220115
디파,3,경제,2주차,20220109,20220115
치킨월드,5,경제,2주차,20220109,20220115
인조흑연,3,경제,2주차,20220109,20220115
동구밭,13,경제,2주차,20220109,20220115
가치투자,3,경제,2주차,20220109,20220115
아운컨설팅,3,경제,2주차,20220109,20220115
블룸버그TV,3,경제,2주차,20220109,20220115
레세이,3,경제,2주차,20220109,20220115
균등배정,5,경제,2주차,20220109,20220115
저농도,3,경제,2주차,20220109,20220115
NK세포,5,경제,2주차,20220109,20220115
그분들,3,경제,2주차,20220109,20220115
불량주거,16,경제,2주차,20220109,20220115
행태정보,14,경제,2주차,20220109,20220115
결제내역,4,경제,2주차,20220109,20220115
사업구역,3,경제,2주차,20220109,20220115
나라살림연구소,5,경제,2주차,20220109,20220115
효력발생,3,경제,2주차,20220109,20220115
단단함,4,경제,2주차,20220109,20220115
보증요건,4,경제,2주차,20220109,20220115
수출물가,8,경제,2주차,20220109,20220115
CAC,22,경제,2주차,20220109,20220115
시정방안,4,경제,2주차,20220109,20220115
외부전문기관,3,경제,2주차,20220109,20220115
주문액,4,경제,2주차,20220109,20220115
증명자료,6,경제,2주차,20220109,20220115
제출기관,6,경제,2주차,20220109,20220115
사용금액,6,경제,2주차,20220109,20220115
월세액,10,경제,2주차,20220109,20220115
착한프랜차이즈,5,경제,2주차,20220109,20220115
노후소득보장,6,경제,2주차,20220109,20220115
G5국,22,경제,2주차,20220109,20220115
적립몰,5,경제,2주차,20220109,20220115
M램,11,경제,2주차,20220109,20220115
R램,4,경제,2주차,20220109,20220115
교신저자,8,경제,2주차,20220109,20220115
파운드리사업부,7,경제,2주차,20220109,20220115
보험제도,4,경제,2주차,20220109,20220115
최고급,12,경제,2주차,20220109,20220115
정책강연회,4,경제,2주차,20220109,20220115
시장판도,4,경제,2주차,20220109,20220115
위태,4,경제,2주차,20220109,20220115
늘씬함,3,경제,2주차,20220109,20220115
아이폰13,6,경제,2주차,20220109,20220115
오픈이노베이션센터,6,경제,2주차,20220109,20220115
리튬메탈,6,경제,2주차,20220109,20220115
조선업황,3,경제,2주차,20220109,20220115
바이오사이언스,5,경제,2주차,20220109,20220115
배송차질,4,경제,2주차,20220109,20220115
렉시콘,3,경제,2주차,20220109,20220115
대형조선사,5,경제,2주차,20220109,20220115
마리타임,5,경제,2주차,20220109,20220115
저층주거지,12,경제,2주차,20220109,20220115
정비모델,7,경제,2주차,20220109,20220115
주택공약,3,경제,2주차,20220109,20220115
공공건축가,4,경제,2주차,20220109,20220115
분자진단,9,경제,2주차,20220109,20220115
특장점,4,경제,2주차,20220109,20220115
소규모주택정비사업,3,경제,2주차,20220109,20220115
근골격계질병,12,경제,2주차,20220109,20220115
인정기준,13,경제,2주차,20220109,20220115
작업조건,5,경제,2주차,20220109,20220115
산재승인,6,경제,2주차,20220109,20220115
산재보상,4,경제,2주차,20220109,20220115
한독상의,4,경제,2주차,20220109,20220115
공정거래정책,6,경제,2주차,20220109,20220115
필수항목,3,경제,2주차,20220109,20220115
우수연구실,3,경제,2주차,20220109,20220115
극적,5,경제,2주차,20220109,20220115
보완기능,5,경제,2주차,20220109,20220115
심사국,3,경제,2주차,20220109,20220115
수준평가,7,경제,2주차,20220109,20220115
정당성,12,경제,2주차,20220109,20220115
수령자격,5,경제,2주차,20220109,20220115
재정계산,4,경제,2주차,20220109,20220115
저항값,3,경제,2주차,20220109,20220115
자금수요,5,경제,2주차,20220109,20220115
커피베,5,경제,2주차,20220109,20220115
개념연구,3,경제,2주차,20220109,20220115
역기저효과,4,경제,2주차,20220109,20220115
상품대여업,3,경제,2주차,20220109,20220115
노후소득기반,6,경제,2주차,20220109,20220115
책임리더,4,경제,2주차,20220109,20220115
초보맘,6,경제,2주차,20220109,20220115
주택매매거래,5,경제,2주차,20220109,20220115
한겨울,3,경제,2주차,20220109,20220115
쿤작가,3,경제,2주차,20220109,20220115
소프트베리,3,경제,2주차,20220109,20220115
스크루플레이션,7,경제,2주차,20220109,20220115
선강통,3,경제,2주차,20220109,20220115
엘지에너지솔루션,13,경제,2주차,20220109,20220115
재고자산,4,경제,2주차,20220109,20220115
매출채권회전율,3,경제,2주차,20220109,20220115
의결문,3,경제,2주차,20220109,20220115
생계유지,4,경제,2주차,20220109,20220115
국가전략산업,6,경제,2주차,20220109,20220115
상생협력보증제도,3,경제,2주차,20220109,20220115
글라스6,4,경제,2주차,20220109,20220115
IP68,8,경제,2주차,20220109,20220115
ZEM,13,경제,2주차,20220109,20220115
대학출판부,3,경제,2주차,20220109,20220115
키즈폰2,8,경제,2주차,20220109,20220115
리틀카카오프렌즈,6,경제,2주차,20220109,20220115
스마트태그,5,경제,2주차,20220109,20220115
물가상황,3,경제,2주차,20220109,20220115
공급실적,3,경제,2주차,20220109,20220115
목표수준,3,경제,2주차,20220109,20220115
한국타피,5,경제,2주차,20220109,20220115
아이메시지,7,경제,2주차,20220109,20220115
현거래,3,경제,2주차,20220109,20220115
배달라이더,14,경제,2주차,20220109,20220115
신에너지차,22,경제,2주차,20220109,20220115
L-pampo,3,경제,2주차,20220109,20220115
미접종자,5,경제,2주차,20220109,20220115
지역농산물,3,경제,2주차,20220109,20220115
MC20,11,경제,2주차,20220109,20220115
e부스터,4,경제,2주차,20220109,20220115
파운트,4,경제,2주차,20220109,20220115
일반주거지역,3,경제,2주차,20220109,20220115
선호지역,3,경제,2주차,20220109,20220115
비선호지역,4,경제,2주차,20220109,20220115
월패드,3,경제,2주차,20220109,20220115
납품업계,8,경제,2주차,20220109,20220115
적용기한,4,경제,2주차,20220109,20220115
이온전도도,3,경제,2주차,20220109,20220115
원윳값,3,경제,2주차,20220109,20220115
음용유,3,경제,2주차,20220109,20220115
M11,3,경제,2주차,20220109,20220115
한우자조금,6,경제,2주차,20220109,20220115
심우주,6,경제,2주차,20220109,20220115
아르이시,8,경제,2주차,20220109,20220115
생물자원은행,10,경제,2주차,20220109,20220115
인정제,4,경제,2주차,20220109,20220115
가계부담,3,경제,2주차,20220109,20220115
TFSI,4,경제,2주차,20220109,20220115
마하-E,3,경제,2주차,20220109,20220115
CFD,9,경제,2주차,20220109,20220115
혜자카드,6,경제,2주차,20220109,20220115
제로카드,3,경제,2주차,20220109,20220115
도지코인,13,경제,2주차,20220109,20220115
QNED,3,경제,2주차,20220109,20220115
PBV,5,경제,2주차,20220109,20220115
부산세계박람회,11,경제,2주차,20220109,20220115
유치계획서,7,경제,2주차,20220109,20220115
신용평가모형,3,경제,2주차,20220109,20220115
탄소절감,3,경제,2주차,20220109,20220115
SKICT연합,10,경제,2주차,20220109,20220115
3사시너지협의체,10,경제,2주차,20220109,20220115
간소화자료일괄제공서비스,16,경제,2주차,20220109,20220115
청탁금지법시행령개정안,14,경제,2주차,20220109,20220115
경고,14,경제,2주차,20220109,20220115
빅컷,11,경제,2주차,20220109,20220115
시장조사기관,11,경제,3주차,20220116,20220122
한국총괄,3,경제,3주차,20220116,20220122
검사업무,4,경제,3주차,20220116,20220122
가상자산업자,4,경제,3주차,20220116,20220122
전력업계,4,경제,3주차,20220116,20220122
외벽붕괴,4,경제,3주차,20220116,20220122
종합자산관리계좌,3,경제,3주차,20220116,20220122
공모물량,4,경제,3주차,20220116,20220122
초고성능,5,경제,3주차,20220116,20220122
물류전용,4,경제,3주차,20220116,20220122
공정라인,3,경제,3주차,20220116,20220122
자금세탁방지체계,3,경제,3주차,20220116,20220122
애플리케이션프로세서,3,경제,3주차,20220116,20220122
기술중심,3,경제,3주차,20220116,20220122
투자자가,21,경제,3주차,20220116,20220122
대출우대금리,3,경제,3주차,20220116,20220122
소득세법시행령,3,경제,3주차,20220116,20220122
고용조정,5,경제,3주차,20220116,20220122
공공지원,6,경제,3주차,20220116,20220122
부동산시장점검,6,경제,3주차,20220116,20220122
부산시가,3,경제,3주차,20220116,20220122
환경안전법규,3,경제,3주차,20220116,20220122
직업인식,4,경제,3주차,20220116,20220122
청약계좌,4,경제,3주차,20220116,20220122
스마트챌린지,5,경제,3주차,20220116,20220122
전기화학,3,경제,3주차,20220116,20220122
위험작업,3,경제,3주차,20220116,20220122
자금조달비용지수,7,경제,3주차,20220116,20220122
정책금융,3,경제,3주차,20220116,20220122
연금예금,3,경제,3주차,20220116,20220122
총량관리,4,경제,3주차,20220116,20220122
운송용역,4,경제,3주차,20220116,20220122
여신업무,3,경제,3주차,20220116,20220122
해체공사,3,경제,3주차,20220116,20220122
국가연락사무소,3,경제,3주차,20220116,20220122
추진실적,3,경제,3주차,20220116,20220122
종합건설사,3,경제,3주차,20220116,20220122
생존분석,4,경제,3주차,20220116,20220122
시간관련,3,경제,3주차,20220116,20220122
소속기업,4,경제,3주차,20220116,20220122
우수물류,3,경제,3주차,20220116,20220122
케피버블,3,경제,3주차,20220116,20220122
영상처리,6,경제,3주차,20220116,20220122
업무추진,6,경제,3주차,20220116,20220122
검사기록,3,경제,3주차,20220116,20220122
의무보험,4,경제,3주차,20220116,20220122
탄소저감,4,경제,3주차,20220116,20220122
국가교통위원회,3,경제,3주차,20220116,20220122
원자재가격,3,경제,3주차,20220116,20220122
자원회수,4,경제,3주차,20220116,20220122
운임회복,3,경제,3주차,20220116,20220122
경우전기,4,경제,3주차,20220116,20220122
상생협력기금,4,경제,3주차,20220116,20220122
교육서비스업,5,경제,3주차,20220116,20220122
전세보증금반환보증,3,경제,3주차,20220116,20220122
개인연금,5,경제,3주차,20220116,20220122
공모가격,3,경제,3주차,20220116,20220122
사업타당성,3,경제,3주차,20220116,20220122
위생방역,4,경제,3주차,20220116,20220122
일시상환,3,경제,3주차,20220116,20220122
바이오플라스틱,5,경제,3주차,20220116,20220122
상사채권,3,경제,3주차,20220116,20220122
가죽시트,4,경제,3주차,20220116,20220122
안전지원,11,경제,3주차,20220116,20220122
일반정부,4,경제,3주차,20220116,20220122
수소공급망,4,경제,3주차,20220116,20220122
자금계획,3,경제,3주차,20220116,20220122
연료전환,3,경제,3주차,20220116,20220122
산불재난,3,경제,3주차,20220116,20220122
비상경제,8,경제,3주차,20220116,20220122
산업전환,3,경제,3주차,20220116,20220122
임시선박,3,경제,3주차,20220116,20220122
관세사범,4,경제,3주차,20220116,20220122
안전보건문화,3,경제,3주차,20220116,20220122
스마트옥션,3,경제,3주차,20220116,20220122
TV방송,5,경제,3주차,20220116,20220122
최소주문액,3,경제,3주차,20220116,20220122
지불배달료,3,경제,3주차,20220116,20220122
도시가스,4,경제,3주차,20220116,20220122
재해조사,4,경제,3주차,20220116,20220122
균형발전특별회계,3,경제,3주차,20220116,20220122
모노리서치,8,경제,3주차,20220116,20220122
MZ,106,경제,3주차,20220116,20220122
센트럴마켓,3,경제,3주차,20220116,20220122
결연시설,6,경제,3주차,20220116,20220122
솔리드파워,6,경제,3주차,20220116,20220122
서비,642,경제,3주차,20220116,20220122
가정간편,11,경제,3주차,20220116,20220122
포스코히어로즈,9,경제,3주차,20220116,20220122
대지지분,5,경제,3주차,20220116,20220122
경쟁률,110,경제,3주차,20220116,20220122
뛰어들기,3,경제,3주차,20220116,20220122
운영방향,4,경제,3주차,20220116,20220122
금융거래정보,3,경제,3주차,20220116,20220122
부문검사,3,경제,3주차,20220116,20220122
쿠팡페,7,경제,3주차,20220116,20220122
전력거래량,6,경제,3주차,20220116,20220122
대회의실,10,경제,3주차,20220116,20220122
IPARK,15,경제,3주차,20220116,20220122
시민협의체,7,경제,3주차,20220116,20220122
북서울자,6,경제,3주차,20220116,20220122
유동자금,6,경제,3주차,20220116,20220122
일반회사,4,경제,3주차,20220116,20220122
뉴딜인프라,4,경제,3주차,20220116,20220122
앵커리츠,3,경제,3주차,20220116,20220122
공모리츠,3,경제,3주차,20220116,20220122
리츠정보시스템,3,경제,3주차,20220116,20220122
K-패션,5,경제,3주차,20220116,20220122
K-팝,4,경제,3주차,20220116,20220122
세쿼이아캐피털,3,경제,3주차,20220116,20220122
사장이,11,경제,3주차,20220116,20220122
사업재편기업,3,경제,3주차,20220116,20220122
절박,5,경제,3주차,20220116,20220122
절박성,3,경제,3주차,20220116,20220122
전국택배노동조합,4,경제,3주차,20220116,20220122
인수회사,7,경제,3주차,20220116,20220122
펜데믹,3,경제,3주차,20220116,20220122
화정아이파크,26,경제,3주차,20220116,20220122
김상,16,경제,3주차,20220116,20220122
국가재정운용계획,3,경제,3주차,20220116,20220122
무게중심,7,경제,3주차,20220116,20220122
효성티앤씨,6,경제,3주차,20220116,20220122
수주경쟁,4,경제,3주차,20220116,20220122
퍼싱스퀘어,3,경제,3주차,20220116,20220122
카우프,3,경제,3주차,20220116,20220122
디지털자산,8,경제,3주차,20220116,20220122
S22,16,경제,3주차,20220116,20220122
현대두산인프라코어,6,경제,3주차,20220116,20220122
한국로봇산업진흥원,6,경제,3주차,20220116,20220122
실증환경,4,경제,3주차,20220116,20220122
크라운해태,6,경제,3주차,20220116,20220122
조각전시,3,경제,3주차,20220116,20220122
빚투족,6,경제,3주차,20220116,20220122
국토연,13,경제,3주차,20220116,20220122
패닉바잉,12,경제,3주차,20220116,20220122
선행지표,7,경제,3주차,20220116,20220122
경제단체장으,3,경제,3주차,20220116,20220122
전원회,24,경제,3주차,20220116,20220122
중대성,3,경제,3주차,20220116,20220122
카이즈유데이터연구소,6,경제,3주차,20220116,20220122
e트론,4,경제,3주차,20220116,20220122
주민등록인구,11,경제,3주차,20220116,20220122
국가채무시계,6,경제,3주차,20220116,20220122
신한인증서,18,경제,3주차,20220116,20220122
민원업무처리,4,경제,3주차,20220116,20220122
질병관리청,8,경제,3주차,20220116,20220122
LG스탠바이미,4,경제,3주차,20220116,20220122
아이폰13프,3,경제,3주차,20220116,20220122
에어트랜샛,3,경제,3주차,20220116,20220122
IAG,3,경제,3주차,20220116,20220122
에어유로파,3,경제,3주차,20220116,20220122
최대토크,11,경제,3주차,20220116,20220122
후측방,7,경제,3주차,20220116,20220122
가상자산사업자,9,경제,3주차,20220116,20220122
무관심,5,경제,3주차,20220116,20220122
순채무,3,경제,3주차,20220116,20220122
가계지원본부,6,경제,3주차,20220116,20220122
해상운임,12,경제,3주차,20220116,20220122
시장조사업체,15,경제,3주차,20220116,20220122
갤럭시S22,30,경제,3주차,20220116,20220122
결정함,3,경제,3주차,20220116,20220122
대출기관,4,경제,3주차,20220116,20220122
패닉셀링,6,경제,3주차,20220116,20220122
심각성,3,경제,3주차,20220116,20220122
쿤가,4,경제,3주차,20220116,20220122
야생당나귀,6,경제,3주차,20220116,20220122
산업안,17,경제,3주차,20220116,20220122
시험시설,5,경제,3주차,20220116,20220122
불확실성,36,경제,3주차,20220116,20220122
비례배정,10,경제,3주차,20220116,20220122
CR-V,3,경제,3주차,20220116,20220122
XSE,4,경제,3주차,20220116,20220122
센터페시아,9,경제,3주차,20220116,20220122
e-CVT,4,경제,3주차,20220116,20220122
정숙,12,경제,3주차,20220116,20220122
상호작용,7,경제,3주차,20220116,20220122
특별함,7,경제,3주차,20220116,20220122
광주참사,5,경제,3주차,20220116,20220122
건설산업기본법,13,경제,3주차,20220116,20220122
등록말소,16,경제,3주차,20220116,20220122
보증기한,4,경제,3주차,20220116,20220122
정비시장,3,경제,3주차,20220116,20220122
10,23,경제,3주차,20220116,20220122
열선시트,6,경제,3주차,20220116,20220122
운송구간,7,경제,3주차,20220116,20220122
한흥메리야스,3,경제,3주차,20220116,20220122
아염산소다,3,경제,3주차,20220116,20220122
세분화,18,경제,3주차,20220116,20220122
평창군보건의료원,6,경제,3주차,20220116,20220122
디지로그,5,경제,3주차,20220116,20220122
세수추계모형,7,경제,3주차,20220116,20220122
세수오차,4,경제,3주차,20220116,20220122
제도변화,3,경제,3주차,20220116,20220122
예산심의회,5,경제,3주차,20220116,20220122
총체적,3,경제,3주차,20220116,20220122
중고차판매업,3,경제,3주차,20220116,20220122
로블록스,8,경제,3주차,20220116,20220122
고용정책,5,경제,3주차,20220116,20220122
계약학,36,경제,3주차,20220116,20220122
반도체학과,6,경제,3주차,20220116,20220122
신입생,14,경제,3주차,20220116,20220122
반도체시스템공학과,6,경제,3주차,20220116,20220122
반도체공학과,5,경제,3주차,20220116,20220122
차세대통신학과,14,경제,3주차,20220116,20220122
미래모빌리티학,3,경제,3주차,20220116,20220122
반도체특별법,3,경제,3주차,20220116,20220122
하프클럽,11,경제,3주차,20220116,20220122
조선사들,3,경제,3주차,20220116,20220122
그래픽처리장,11,경제,3주차,20220116,20220122
MLF,9,경제,3주차,20220116,20220122
교차,3,경제,3주차,20220116,20220122
제5항,3,경제,3주차,20220116,20220122
종전주택,5,경제,3주차,20220116,20220122
노동법제,4,경제,3주차,20220116,20220122
전망조사,5,경제,3주차,20220116,20220122
근로시간제도,4,경제,3주차,20220116,20220122
모호성,3,경제,3주차,20220116,20220122
입법환경,6,경제,3주차,20220116,20220122
CU끼리,6,경제,3주차,20220116,20220122
정근안과병원,3,경제,3주차,20220116,20220122
모델명,3,경제,3주차,20220116,20220122
부동산시장연구센터,5,경제,3주차,20220116,20220122
심리조사,5,경제,3주차,20220116,20220122
김건희씨,7,경제,3주차,20220116,20220122
서울의소리,3,경제,3주차,20220116,20220122
한국수입자동차협회,6,경제,3주차,20220116,20220122
재운항,4,경제,3주차,20220116,20220122
지속가능채권,8,경제,3주차,20220116,20220122
액티비,32,경제,3주차,20220116,20220122
NB상품,4,경제,3주차,20220116,20220122
가상운,3,경제,3주차,20220116,20220122
아질사르탄,3,경제,3주차,20220116,20220122
전속설계사,19,경제,3주차,20220116,20220122
생명보험협회,6,경제,3주차,20220116,20220122
영업경비,7,경제,3주차,20220116,20220122
케이캡,6,경제,3주차,20220116,20220122
MD크림,13,경제,3주차,20220116,20220122
실소비자들,3,경제,3주차,20220116,20220122
K-방산,4,경제,3주차,20220116,20220122
유도무기,14,경제,3주차,20220116,20220122
한정수량,3,경제,3주차,20220116,20220122
양념왕구이,3,경제,3주차,20220116,20220122
아트모션,6,경제,3주차,20220116,20220122
쟁점으,3,경제,3주차,20220116,20220122
보호종료,8,경제,3주차,20220116,20220122
레트로,4,경제,3주차,20220116,20220122
면역체계,6,경제,3주차,20220116,20220122
정성담,4,경제,3주차,20220116,20220122
이베,14,경제,3주차,20220116,20220122
부산테크노파크,4,경제,3주차,20220116,20220122
김기,14,경제,3주차,20220116,20220122
아이누리,3,경제,3주차,20220116,20220122
VCM,30,경제,3주차,20220116,20220122
롯데인재개발원,24,경제,3주차,20220116,20220122
투자대회,3,경제,3주차,20220116,20220122
물가지수,4,경제,3주차,20220116,20220122
단순함,6,경제,3주차,20220116,20220122
사업기획,4,경제,3주차,20220116,20220122
녹록,5,경제,3주차,20220116,20220122
주택산업,5,경제,3주차,20220116,20220122
국가결산,3,경제,3주차,20220116,20220122
학비보조금,4,경제,3주차,20220116,20220122
산학장학금,4,경제,3주차,20220116,20220122
통신학과,6,경제,3주차,20220116,20220122
산업공학,3,경제,3주차,20220116,20220122
용기가열지수,6,경제,3주차,20220116,20220122
동종업계,3,경제,3주차,20220116,20220122
신용카드회사,3,경제,3주차,20220116,20220122
대출태,18,경제,3주차,20220116,20220122
가중평균,3,경제,3주차,20220116,20220122
입찰참가자격,3,경제,3주차,20220116,20220122
건설안,20,경제,3주차,20220116,20220122
결성액,6,경제,3주차,20220116,20220122
절반가량,4,경제,3주차,20220116,20220122
볼드나인,5,경제,3주차,20220116,20220122
RE100,5,경제,3주차,20220116,20220122
고로-전,3,경제,3주차,20220116,20220122
BF-BOF,4,경제,3주차,20220116,20220122
기후리스크,4,경제,3주차,20220116,20220122
거침,3,경제,3주차,20220116,20220122
뚱랑이,4,경제,3주차,20220116,20220122
용역사,3,경제,3주차,20220116,20220122
가계주택,4,경제,3주차,20220116,20220122
경제통계시스템,3,경제,3주차,20220116,20220122
초대어,3,경제,3주차,20220116,20220122
배정물량,6,경제,3주차,20220116,20220122
가정용,13,경제,3주차,20220116,20220122
고용비용,4,경제,3주차,20220116,20220122
게임회사,3,경제,3주차,20220116,20220122
거래가격,5,경제,3주차,20220116,20220122
솔로지옥,3,경제,3주차,20220116,20220122
저출생,6,경제,3주차,20220116,20220122
에프티에이,14,경제,3주차,20220116,20220122
시피티피피,18,경제,3주차,20220116,20220122
설명의무,7,경제,3주차,20220116,20220122
수신상품,3,경제,3주차,20220116,20220122
건설안전특별법,11,경제,3주차,20220116,20220122
국내사업본부,3,경제,3주차,20220116,20220122
이상거래,11,경제,3주차,20220116,20220122
화천대유자산관리,3,경제,3주차,20220116,20220122
총소비,4,경제,3주차,20220116,20220122
복권판매,9,경제,3주차,20220116,20220122
당첨금액,3,경제,3주차,20220116,20220122
복합재질,6,경제,3주차,20220116,20220122
그을림,3,경제,3주차,20220116,20220122
기업책임경영,4,경제,3주차,20220116,20220122
사업과정,3,경제,3주차,20220116,20220122
가구소득,4,경제,3주차,20220116,20220122
준법감시위,12,경제,3주차,20220116,20220122
준법감시위원회,6,경제,3주차,20220116,20220122
스마트안경,5,경제,3주차,20220116,20220122
오시리아선,7,경제,3주차,20220116,20220122
실증노선,5,경제,3주차,20220116,20220122
오륙도선,4,경제,3주차,20220116,20220122
기존계획,4,경제,3주차,20220116,20220122
연장사업,6,경제,3주차,20220116,20220122
지역신용보증재단,4,경제,3주차,20220116,20220122
일상회복특별융자,4,경제,3주차,20220116,20220122
신용평점,7,경제,3주차,20220116,20220122
대환자금,9,경제,3주차,20220116,20220122
폴스,163,경제,3주차,20220116,20220122
i4,5,경제,3주차,20220116,20220122
EQE,3,경제,3주차,20220116,20220122
라클라스,5,경제,3주차,20220116,20220122
통계연구,3,경제,3주차,20220116,20220122
개인창업사업체,3,경제,3주차,20220116,20220122
창업사업체,5,경제,3주차,20220116,20220122
폐업위험,3,경제,3주차,20220116,20220122
공동사업자,5,경제,3주차,20220116,20220122
취업시간,3,경제,3주차,20220116,20220122
추가취업,19,경제,3주차,20220116,20220122
보틀벙커,7,경제,3주차,20220116,20220122
왕우렁,3,경제,3주차,20220116,20220122
감축량,9,경제,3주차,20220116,20220122
합성가스,3,경제,3주차,20220116,20220122
주차면수,9,경제,3주차,20220116,20220122
친환경자동차법,5,경제,3주차,20220116,20220122
신축시설,4,경제,3주차,20220116,20220122
구매목표제,3,경제,3주차,20220116,20220122
케피,5,경제,3주차,20220116,20220122
키즈존,3,경제,3주차,20220116,20220122
적금상품,4,경제,3주차,20220116,20220122
고려저축은행,4,경제,3주차,20220116,20220122
지리홀딩,15,경제,3주차,20220116,20220122
폴스타3,6,경제,3주차,20220116,20220122
폴스타5,4,경제,3주차,20220116,20220122
SKIET,41,경제,3주차,20220116,20220122
KPLO,3,경제,3주차,20220116,20220122
건설하기,3,경제,3주차,20220116,20220122
고려해운,8,경제,3주차,20220116,20220122
한-일,4,경제,3주차,20220116,20220122
손해보험업계,4,경제,3주차,20220116,20220122
도전과제,5,경제,3주차,20220116,20220122
식품사업자,3,경제,3주차,20220116,20220122
석유화학제품,6,경제,3주차,20220116,20220122
경영정책,3,경제,3주차,20220116,20220122
이슈노트,5,경제,3주차,20220116,20220122
공장용지,4,경제,3주차,20220116,20220122
대리점연합,9,경제,3주차,20220116,20220122
데스티네이션,5,경제,3주차,20220116,20220122
정기변경,4,경제,3주차,20220116,20220122
요동,7,경제,3주차,20220116,20220122
자격시험,7,경제,3주차,20220116,20220122
보수교육,7,경제,3주차,20220116,20220122
이수율,3,경제,3주차,20220116,20220122
면접전형,3,경제,3주차,20220116,20220122
지앤넷,3,경제,3주차,20220116,20220122
재난사고,3,경제,3주차,20220116,20220122
파트너스데,3,경제,3주차,20220116,20220122
홈씨씨몰,3,경제,3주차,20220116,20220122
순환체계,8,경제,3주차,20220116,20220122
카바조,4,경제,3주차,20220116,20220122
경제사회이사회,11,경제,3주차,20220116,20220122
협의지위,14,경제,3주차,20220116,20220122
노동문화,3,경제,3주차,20220116,20220122
AVOD,8,경제,3주차,20220116,20220122
보건관리,4,경제,3주차,20220116,20220122
재평가,6,경제,3주차,20220116,20220122
기본운임,8,경제,3주차,20220116,20220122
대형화주,3,경제,3주차,20220116,20220122
서울웨이브아트센터,6,경제,3주차,20220116,20220122
안드로이드12,5,경제,3주차,20220116,20220122
원UI,3,경제,3주차,20220116,20220122
교통사고분석,4,경제,3주차,20220116,20220122
호반파크,4,경제,3주차,20220116,20220122
경영안정자금,4,경제,3주차,20220116,20220122
영업부금융센터,3,경제,3주차,20220116,20220122
고르기,4,경제,3주차,20220116,20220122
MWh,3,경제,3주차,20220116,20220122
C40,5,경제,3주차,20220116,20220122
리차지,4,경제,3주차,20220116,20220122
비접촉,4,경제,3주차,20220116,20220122
공동현관,3,경제,3주차,20220116,20220122
지역중소기업,17,경제,3주차,20220116,20220122
육성법,5,경제,3주차,20220116,20220122
TG-C,16,경제,3주차,20220116,20220122
시장위,10,경제,3주차,20220116,20220122
시장위원회,5,경제,3주차,20220116,20220122
배정분,6,경제,3주차,20220116,20220122
Watch,4,경제,3주차,20220116,20220122
부동산원,3,경제,3주차,20220116,20220122
주택산업연구원,4,경제,3주차,20220116,20220122
법인영업본부,5,경제,3주차,20220116,20220122
실손청구,5,경제,3주차,20220116,20220122
입금계좌,3,경제,3주차,20220116,20220122
내맘적금,3,경제,3주차,20220116,20220122
디지털산업,4,경제,3주차,20220116,20220122
제주시농협,4,경제,3주차,20220116,20220122
일상생활,9,경제,3주차,20220116,20220122
한국노동연구원,3,경제,3주차,20220116,20220122
해운담합,7,경제,3주차,20220116,20220122
허용범위,4,경제,3주차,20220116,20220122
수입금액,9,경제,3주차,20220116,20220122
북한강,6,경제,3주차,20220116,20220122
나스닥100,3,경제,3주차,20220116,20220122
QQQ,5,경제,3주차,20220116,20220122
행정데이터,3,경제,3주차,20220116,20220122
곤두박질,5,경제,3주차,20220116,20220122
본지구,4,경제,3주차,20220116,20220122
부천원미,4,경제,3주차,20220116,20220122
신길2구역,3,경제,3주차,20220116,20220122
도심복합사업,10,경제,3주차,20220116,20220122
케이비증권,8,경제,3주차,20220116,20220122
DJ노믹스,3,경제,3주차,20220116,20220122
현대트랜시스,5,경제,3주차,20220116,20220122
M-퍼포먼스,3,경제,3주차,20220116,20220122
네오팸,6,경제,3주차,20220116,20220122
로코노미,3,경제,3주차,20220116,20220122
가금농장,6,경제,3주차,20220116,20220122
방역시설,14,경제,3주차,20220116,20220122
케이큐브홀딩스,3,경제,3주차,20220116,20220122
적발건수,3,경제,3주차,20220116,20220122
개발회사,3,경제,3주차,20220116,20220122
상환유예,24,경제,3주차,20220116,20220122
종료시점,3,경제,3주차,20220116,20220122
방역상황,7,경제,3주차,20220116,20220122
추가연장,5,경제,3주차,20220116,20220122
이용건수,6,경제,3주차,20220116,20220122
액면금액,3,경제,3주차,20220116,20220122
업무처리지침,9,경제,3주차,20220116,20220122
인하액,5,경제,3주차,20220116,20220122
보급물량,6,경제,3주차,20220116,20220122
전기승합차,7,경제,3주차,20220116,20220122
인스파,19,경제,3주차,20220116,20220122
피해주의보,5,경제,3주차,20220116,20220122
크므,3,경제,3주차,20220116,20220122
소비자상담센터,3,경제,3주차,20220116,20220122
손실보상액,3,경제,3주차,20220116,20220122
중요사항,4,경제,3주차,20220116,20220122
e스마트링크,3,경제,3주차,20220116,20220122
채무조정,11,경제,3주차,20220116,20220122
연식변경,3,경제,3주차,20220116,20220122
행정명령,3,경제,3주차,20220116,20220122
청약수수료,3,경제,3주차,20220116,20220122
성폭력,6,경제,3주차,20220116,20220122
금정구청,4,경제,3주차,20220116,20220122
가까스,3,경제,3주차,20220116,20220122
조세재정연구원,4,경제,3주차,20220116,20220122
블루암모니아,3,경제,3주차,20220116,20220122
에너지경제연구원,3,경제,3주차,20220116,20220122
GTX-B노선,4,경제,3주차,20220116,20220122
이봉주씨,3,경제,3주차,20220116,20220122
초거대,15,경제,3주차,20220116,20220122
프론트원,6,경제,3주차,20220116,20220122
한국프레스센터,5,경제,3주차,20220116,20220122
뉴리치,15,경제,3주차,20220116,20220122
PB들,3,경제,3주차,20220116,20220122
콜오브듀티,4,경제,3주차,20220116,20220122
투자자본,4,경제,3주차,20220116,20220122
개미투자자,5,경제,3주차,20220116,20220122
부족인원,4,경제,3주차,20220116,20220122
농기평,4,경제,3주차,20220116,20220122
샹테카,21,경제,3주차,20220116,20220122
구매의향서,3,경제,3주차,20220116,20220122
BJ들,6,경제,3주차,20220116,20220122
어선원,5,경제,3주차,20220116,20220122
지마켓글로벌,4,경제,3주차,20220116,20220122
이스트게임즈,9,경제,3주차,20220116,20220122
문화생활,10,경제,3주차,20220116,20220122
Edition,5,경제,3주차,20220116,20220122
SDG,3,경제,3주차,20220116,20220122
제2사옥,9,경제,3주차,20220116,20220122
마이스마트스토어,3,경제,3주차,20220116,20220122
왓패드,3,경제,3주차,20220116,20220122
크리스피크림도넛,3,경제,3주차,20220116,20220122
통화당국과,4,경제,3주차,20220116,20220122
소비자주권시민회,3,경제,3주차,20220116,20220122
통신판매업,6,경제,3주차,20220116,20220122
테크주,14,경제,3주차,20220116,20220122
탈가정,11,경제,3주차,20220116,20220122
이상한나라,9,경제,3주차,20220116,20220122
펫휴머니제이션,3,경제,3주차,20220116,20220122
E-모터사이클,7,경제,3주차,20220116,20220122
G63,9,경제,3주차,20220116,20220122
재택근무자,19,경제,3주차,20220116,20220122
FMK,4,경제,3주차,20220116,20220122
입주대상자,3,경제,3주차,20220116,20220122
중앙대책본부회의,4,경제,3주차,20220116,20220122
선도전략,5,경제,3주차,20220116,20220122
대응지원체계,3,경제,3주차,20220116,20220122
임시보관소,3,경제,3주차,20220116,20220122
압류방지통장,4,경제,3주차,20220116,20220122
이용대상,4,경제,3주차,20220116,20220122
플렉시테리언,4,경제,3주차,20220116,20220122
콩불고기,5,경제,3주차,20220116,20220122
경매센터,15,경제,3주차,20220116,20220122
실매물,3,경제,3주차,20220116,20220122
비재택,16,경제,3주차,20220116,20220122
비재택근무자,12,경제,3주차,20220116,20220122
폐업지원,8,경제,3주차,20220116,20220122
사업정리컨설팅,4,경제,3주차,20220116,20220122
점포철거,10,경제,3주차,20220116,20220122
지원한도,5,경제,3주차,20220116,20220122
와이드팬츠,5,경제,3주차,20220116,20220122
대면접촉,5,경제,3주차,20220116,20220122
교체수요,3,경제,3주차,20220116,20220122
유망제품,4,경제,3주차,20220116,20220122
민간금융,4,경제,3주차,20220116,20220122
육아템,4,경제,3주차,20220116,20220122
현대삼호,21,경제,3주차,20220116,20220122
중후반대,4,경제,3주차,20220116,20220122
루이스폴센,3,경제,3주차,20220116,20220122
디자인경영센터,5,경제,3주차,20220116,20220122
법경찰학,6,경제,3주차,20220116,20220122
규정안,4,경제,3주차,20220116,20220122
테이크투,6,경제,3주차,20220116,20220122
경매사업,5,경제,3주차,20220116,20220122
레몬마켓,4,경제,3주차,20220116,20220122
회원자격,4,경제,3주차,20220116,20220122
완화효과,3,경제,3주차,20220116,20220122
보건복지부로,3,경제,3주차,20220116,20220122
이사후보추천위원회,7,경제,3주차,20220116,20220122
미래이니셔티브센터장,5,경제,3주차,20220116,20220122
뉴리더십,8,경제,3주차,20220116,20220122
넥스트제너레이션,18,경제,3주차,20220116,20220122
맥쎈,26,경제,3주차,20220116,20220122
구쎈,19,경제,3주차,20220116,20220122
이탄징,4,경제,3주차,20220116,20220122
기화제,3,경제,3주차,20220116,20220122
암브록솔,3,경제,3주차,20220116,20220122
대진대학교,6,경제,3주차,20220116,20220122
스트라달레,6,경제,3주차,20220116,20220122
권한위임,4,경제,3주차,20220116,20220122
산하기구,3,경제,3주차,20220116,20220122
경제통상학,5,경제,3주차,20220116,20220122
소송실익,6,경제,3주차,20220116,20220122
UHD3,3,경제,3주차,20220116,20220122
큐클리프,3,경제,3주차,20220116,20220122
엘스비어,3,경제,3주차,20220116,20220122
카카오인베스트먼트,5,경제,3주차,20220116,20220122
데이터셋,10,경제,3주차,20220116,20220122
패시브자금,6,경제,3주차,20220116,20220122
타이칸,9,경제,3주차,20220116,20220122
세이프티카,8,경제,3주차,20220116,20220122
비상안전위원회,5,경제,3주차,20220116,20220122
적재불량,7,경제,3주차,20220116,20220122
IPEF,5,경제,3주차,20220116,20220122
메트,3,경제,3주차,20220116,20220122
지역방송,3,경제,3주차,20220116,20220122
양념소스,3,경제,3주차,20220116,20220122
일반계좌,3,경제,3주차,20220116,20220122
안건소위,11,경제,3주차,20220116,20220122
디스커버리자산운용,4,경제,3주차,20220116,20220122
혁신벤처업계,4,경제,3주차,20220116,20220122
인사관리,5,경제,3주차,20220116,20220122
아이텀게임즈,7,경제,3주차,20220116,20220122
좌석승급,3,경제,3주차,20220116,20220122
V70,13,경제,3주차,20220116,20220122
운전면허시험장,4,경제,3주차,20220116,20220122
응급처치소,10,경제,3주차,20220116,20220122
피나스테리드,4,경제,3주차,20220116,20220122
왓카,14,경제,3주차,20220116,20220122
i10,3,경제,3주차,20220116,20220122
경제인연합회,3,경제,3주차,20220116,20220122
소비자단체협의회,13,경제,3주차,20220116,20220122
가격조사,6,경제,3주차,20220116,20220122
한국미니스톱,12,경제,3주차,20220116,20220122
갤럭시S22울트라,3,경제,3주차,20220116,20220122
생활지원비,4,경제,3주차,20220116,20220122
본장,5,경제,3주차,20220116,20220122
구급Kit,4,경제,3주차,20220116,20220122
대학대전,3,경제,3주차,20220116,20220122
정형외,4,경제,3주차,20220116,20220122
산재판정,4,경제,3주차,20220116,20220122
청년인구,4,경제,3주차,20220116,20220122
DaaS,13,경제,3주차,20220116,20220122
하이컨트리,8,경제,3주차,20220116,20220122
물가관리체계,5,경제,3주차,20220116,20220122
헤이조이스,5,경제,3주차,20220116,20220122
수소용기,4,경제,3주차,20220116,20220122
고압가스안전관리법,3,경제,3주차,20220116,20220122
버번위스,8,경제,3주차,20220116,20220122
제작결함,3,경제,3주차,20220116,20220122
월드맵,3,경제,3주차,20220116,20220122
윙잇,5,경제,3주차,20220116,20220122
우편안내,3,경제,3주차,20220116,20220122
정몰,5,경제,3주차,20220116,20220122
설향,5,경제,3주차,20220116,20220122
통계자료,3,경제,3주차,20220116,20220122
고야드,5,경제,3주차,20220116,20220122
펠로톤,7,경제,3주차,20220116,20220122
주거지원사업,3,경제,3주차,20220116,20220122
긴축공포,3,경제,3주차,20220116,20220122
전기차시장,6,경제,3주차,20220116,20220122
증여공제,11,경제,3주차,20220116,20220122
연금퍼즐현상,3,경제,3주차,20220116,20220122
장기요양,6,경제,3주차,20220116,20220122
비나아,5,경제,3주차,20220116,20220122
건강모니터링,5,경제,3주차,20220116,20220122
삼송점,3,경제,3주차,20220116,20220122
원당농협,4,경제,3주차,20220116,20220122
얼굴인증,8,경제,3주차,20220116,20220122
추경규모,3,경제,3주차,20220116,20220122
시노팜,5,경제,3주차,20220116,20220122
야리스,4,경제,3주차,20220116,20220122
아이파크,11,경제,3주차,20220116,20220122
폴스타2,12,경제,3주차,20220116,20220122
기업실태,6,경제,4주차,20220123,20220129
수요확대,5,경제,4주차,20220123,20220129
유가정보사이트,4,경제,4주차,20220123,20220129
수입관세,3,경제,4주차,20220123,20220129
스포츠유틸리티차량,19,경제,4주차,20220123,20220129
측정기술,3,경제,4주차,20220123,20220129
US뉴스,7,경제,4주차,20220123,20220129
최고안전보건책임자,3,경제,4주차,20220123,20220129
현대명품,7,경제,4주차,20220123,20220129
요금조정,4,경제,4주차,20220123,20220129
수입기업,3,경제,4주차,20220123,20220129
농업교육,6,경제,4주차,20220123,20220129
사업담당자,4,경제,4주차,20220123,20220129
신용대출이,3,경제,4주차,20220123,20220129
여행안전권역,4,경제,4주차,20220123,20220129
설비용량,4,경제,4주차,20220123,20220129
연구사업,6,경제,4주차,20220123,20220129
공공화폐,4,경제,4주차,20220123,20220129
근거리무선통신,6,경제,4주차,20220123,20220129
추가장착,3,경제,4주차,20220123,20220129
재무계획,3,경제,4주차,20220123,20220129
추가작업,3,경제,4주차,20220123,20220129
해외건설공사,6,경제,4주차,20220123,20220129
기업투자금융부문,3,경제,4주차,20220123,20220129
스팸번호,3,경제,4주차,20220123,20220129
도심항공교통수단,3,경제,4주차,20220123,20220129
자동차용품,8,경제,4주차,20220123,20220129
직무경험,3,경제,4주차,20220123,20220129
확정기여,3,경제,4주차,20220123,20220129
산지유통업체,3,경제,4주차,20220123,20220129
소요시간,4,경제,4주차,20220123,20220129
조세평등원칙,3,경제,4주차,20220123,20220129
순환자원,4,경제,4주차,20220123,20220129
공공보건,3,경제,4주차,20220123,20220129
주택담보대출비율,4,경제,4주차,20220123,20220129
안전관리책임자,3,경제,4주차,20220123,20220129
개인운송장비,4,경제,4주차,20220123,20220129
차량연료,4,경제,4주차,20220123,20220129
유전자증폭,3,경제,4주차,20220123,20220129
기타지역,4,경제,4주차,20220123,20220129
기술사무직,4,경제,4주차,20220123,20220129
소비자경보,3,경제,4주차,20220123,20220129
창업투자,5,경제,4주차,20220123,20220129
식품포장,3,경제,4주차,20220123,20220129
기초소재사업,3,경제,4주차,20220123,20220129
AI융합,3,경제,4주차,20220123,20220129
출입카드,3,경제,4주차,20220123,20220129
기계장비,4,경제,4주차,20220123,20220129
전력판매,3,경제,4주차,20220123,20220129
대장신도시,3,경제,4주차,20220123,20220129
직전분기대비,4,경제,4주차,20220123,20220129
자동화가,3,경제,4주차,20220123,20220129
아이코나,4,경제,4주차,20220123,20220129
놀이공원,3,경제,4주차,20220123,20220129
가계수입전망,6,경제,4주차,20220123,20220129
소비지출전망,6,경제,4주차,20220123,20220129
향후경기전망,6,경제,4주차,20220123,20220129
과세기간,4,경제,4주차,20220123,20220129
종합소득금액,7,경제,4주차,20220123,20220129
소득금액,5,경제,4주차,20220123,20220129
가입요건,3,경제,4주차,20220123,20220129
서민금융콜센터,5,경제,4주차,20220123,20220129
전년동월대비,3,경제,4주차,20220123,20220129
체납추적,6,경제,4주차,20220123,20220129
기관제재,3,경제,4주차,20220123,20220129
최저요금,4,경제,4주차,20220123,20220129
주식처분금지,3,경제,4주차,20220123,20220129
의결권행사금지,3,경제,4주차,20220123,20220129
건설기계부문,8,경제,4주차,20220123,20220129
중간지주회사,4,경제,4주차,20220123,20220129
단순투자,3,경제,4주차,20220123,20220129
투자방향,3,경제,4주차,20220123,20220129
금융분석,3,경제,4주차,20220123,20220129
광고금지,3,경제,4주차,20220123,20220129
여성총경,3,경제,4주차,20220123,20220129
지출구조조정,3,경제,4주차,20220123,20220129
가스시설,3,경제,4주차,20220123,20220129
지식정보타운,3,경제,4주차,20220123,20220129
벤처투자가,3,경제,4주차,20220123,20220129
차입매수,3,경제,4주차,20220123,20220129
제조업종,3,경제,4주차,20220123,20220129
금융정보업체,3,경제,4주차,20220123,20220129
공항운영,4,경제,4주차,20220123,20220129
디스플레이업종,4,경제,4주차,20220123,20220129
고향감자,5,경제,4주차,20220123,20220129
치료성분,3,경제,4주차,20220123,20220129
로컬크리에이터,4,경제,4주차,20220123,20220129
전세매물,3,경제,4주차,20220123,20220129
신규취급액,3,경제,4주차,20220123,20220129
정부지원액,4,경제,4주차,20220123,20220129
내부통제기준,4,경제,4주차,20220123,20220129
출석주주,5,경제,4주차,20220123,20220129
지정유보,3,경제,4주차,20220123,20220129
방진부품,3,경제,4주차,20220123,20220129
출퇴근시간대,3,경제,4주차,20220123,20220129
항공교통,22,경제,4주차,20220123,20220129
포켓CU,3,경제,4주차,20220123,20220129
아텍에너지,8,경제,4주차,20220123,20220129
자동납부일,9,경제,4주차,20220123,20220129
생산비용,4,경제,4주차,20220123,20220129
수급처,9,경제,4주차,20220123,20220129
도정법,4,경제,4주차,20220123,20220129
파급영향,3,경제,4주차,20220123,20220129
국무회의,8,경제,4주차,20220123,20220129
대응여력,4,경제,4주차,20220123,20220129
이자율,16,경제,4주차,20220123,20220129
무역수지,19,경제,4주차,20220123,20220129
기업채산성,4,경제,4주차,20220123,20220129
정비계획,7,경제,4주차,20220123,20220129
건축위원회,3,경제,4주차,20220123,20220129
시사주간지,12,경제,4주차,20220123,20220129
전문매체,9,경제,4주차,20220123,20220129
스포츠유틸리티차,27,경제,4주차,20220123,20220129
홈트,12,경제,4주차,20220123,20220129
돈풀기,8,경제,4주차,20220123,20220129
위성오피스,12,경제,4주차,20220123,20220129
이동시간,5,경제,4주차,20220123,20220129
미나미쵸,3,경제,4주차,20220123,20220129
과소지역,3,경제,4주차,20220123,20220129
가미야마쵸,3,경제,4주차,20220123,20220129
서플라,4,경제,4주차,20220123,20220129
연금소득세,6,경제,4주차,20220123,20220129
기타소득세,5,경제,4주차,20220123,20220129
재료공학,14,경제,4주차,20220123,20220129
재한몽골학교,11,경제,4주차,20220123,20220129
몽골학생,5,경제,4주차,20220123,20220129
확보전,4,경제,4주차,20220123,20220129
러시아-우크라,15,경제,4주차,20220123,20220129
중처법,27,경제,4주차,20220123,20220129
안전관리자,8,경제,4주차,20220123,20220129
이물질,4,경제,4주차,20220123,20220129
M디캔터,4,경제,4주차,20220123,20220129
하이파,3,경제,4주차,20220123,20220129
스피,15,경제,4주차,20220123,20220129
분양신청,3,경제,4주차,20220123,20220129
제대,67,경제,4주차,20220123,20220129
서울시가,13,경제,4주차,20220123,20220129
도심공공주택복합사업,3,경제,4주차,20220123,20220129
법정화폐,3,경제,4주차,20220123,20220129
정보업체,8,경제,4주차,20220123,20220129
주식매매계약,7,경제,4주차,20220123,20220129
한국교통연구원,21,경제,4주차,20220123,20220129
타당성,10,경제,4주차,20220123,20220129
재무성과,3,경제,4주차,20220123,20220129
종합업적평가대회,6,경제,4주차,20220123,20220129
콰줄루나탈주,8,경제,4주차,20220123,20220129
문제해결,5,경제,4주차,20220123,20220129
자가검사키트,3,경제,4주차,20220123,20220129
신속항원검사,3,경제,4주차,20220123,20220129
확정실적,3,경제,4주차,20220123,20220129
최고안전책임자,10,경제,4주차,20220123,20220129
안전보건총괄,5,경제,4주차,20220123,20220129
불법명,11,경제,4주차,20220123,20220129
응답기업,3,경제,4주차,20220123,20220129
사적,13,경제,4주차,20220123,20220129
가로주택,13,경제,4주차,20220123,20220129
연번동의서,3,경제,4주차,20220123,20220129
행정절차,4,경제,4주차,20220123,20220129
마음대,3,경제,4주차,20220123,20220129
카드결제대금,3,경제,4주차,20220123,20220129
임금교섭,13,경제,4주차,20220123,20220129
공동교섭단,7,경제,4주차,20220123,20220129
상생협의체,6,경제,4주차,20220123,20220129
전국삼성전자노조,9,경제,4주차,20220123,20220129
지원금액,4,경제,4주차,20220123,20220129
국민건강보험,6,경제,4주차,20220123,20220129
풀사이즈,4,경제,4주차,20220123,20220129
서학개미,58,경제,4주차,20220123,20220129
국제정세,3,경제,4주차,20220123,20220129
버크셔해서웨이,5,경제,4주차,20220123,20220129
재분배,8,경제,4주차,20220123,20220129
지난해말,3,경제,4주차,20220123,20220129
내림,19,경제,4주차,20220123,20220129
리서,34,경제,4주차,20220123,20220129
연료전지발전소,5,경제,4주차,20220123,20220129
연소,12,경제,4주차,20220123,20220129
어라이벌,4,경제,4주차,20220123,20220129
미청구,8,경제,4주차,20220123,20220129
동탄점,4,경제,4주차,20220123,20220129
암레스트,3,경제,4주차,20220123,20220129
CBDC,117,경제,4주차,20220123,20220129
참가기관,5,경제,4주차,20220123,20220129
금융생활,4,경제,4주차,20220123,20220129
가상환경,6,경제,4주차,20220123,20220129
수소트럭,10,경제,4주차,20220123,20220129
배출수,3,경제,4주차,20220123,20220129
국제스팸,16,경제,4주차,20220123,20220129
mRNA,5,경제,4주차,20220123,20220129
포용재정포럼,3,경제,4주차,20220123,20220129
룰렛게임,4,경제,4주차,20220123,20220129
설날특별,3,경제,4주차,20220123,20220129
기계설비건설공제조합,4,경제,4주차,20220123,20220129
해외공사,3,경제,4주차,20220123,20220129
사이버창구,6,경제,4주차,20220123,20220129
순수토지,4,경제,4주차,20220123,20220129
발전단지,25,경제,4주차,20220123,20220129
액화수소,15,경제,4주차,20220123,20220129
수소플랜트,3,경제,4주차,20220123,20220129
충전량,6,경제,4주차,20220123,20220129
가스플랜트,3,경제,4주차,20220123,20220129
전담인력,11,경제,4주차,20220123,20220129
분류인력,8,경제,4주차,20220123,20220129
분류비용,5,경제,4주차,20220123,20220129
심야배송,3,경제,4주차,20220123,20220129
홈공간,3,경제,4주차,20220123,20220129
지상시험,5,경제,4주차,20220123,20220129
비경제활동인구,5,경제,4주차,20220123,20220129
농어촌특별세,7,경제,4주차,20220123,20220129
벤처플라자,4,경제,4주차,20220123,20220129
컴퍼니빌더,3,경제,4주차,20220123,20220129
골프복,16,경제,4주차,20220123,20220129
낙농가단체,4,경제,4주차,20220123,20220129
차등가격제,15,경제,4주차,20220123,20220129
낙농단체,7,경제,4주차,20220123,20220129
생산자단체,4,경제,4주차,20220123,20220129
고려사항,7,경제,4주차,20220123,20220129
고려사항으,5,경제,4주차,20220123,20220129
희망분야,4,경제,4주차,20220123,20220129
에디슨모터스,19,경제,4주차,20220123,20220129
안전관리체계,3,경제,4주차,20220123,20220129
안전보건시설,3,경제,4주차,20220123,20220129
모호함,3,경제,4주차,20220123,20220129
창릉역,4,경제,4주차,20220123,20220129
중대시민재해,7,경제,4주차,20220123,20220129
임금총액,3,경제,4주차,20220123,20220129
연금가입자,4,경제,4주차,20220123,20220129
연금사업자,3,경제,4주차,20220123,20220129
확장공간,3,경제,4주차,20220123,20220129
포스코터미날,7,경제,4주차,20220123,20220129
인식조사,6,경제,4주차,20220123,20220129
상관없음,4,경제,4주차,20220123,20220129
임금수준,5,경제,4주차,20220123,20220129
참여의향,4,경제,4주차,20220123,20220129
상생활동,7,경제,4주차,20220123,20220129
지원범위,3,경제,4주차,20220123,20220129
탄소복합재,10,경제,4주차,20220123,20220129
소화수탱크,5,경제,4주차,20220123,20220129
소방특장차,4,경제,4주차,20220123,20220129
차량정비,6,경제,4주차,20220123,20220129
상세페이지,4,경제,4주차,20220123,20220129
자가평가,4,경제,4주차,20220123,20220129
현장평가,3,경제,4주차,20220123,20220129
포션치즈,4,경제,4주차,20220123,20220129
치즈큐빅파티,3,경제,4주차,20220123,20220129
매콤,7,경제,4주차,20220123,20220129
기술연구,4,경제,4주차,20220123,20220129
향상시키기,3,경제,4주차,20220123,20220129
컴퓨터공학,3,경제,4주차,20220123,20220129
방역지침,4,경제,4주차,20220123,20220129
협력활동,3,경제,4주차,20220123,20220129
디폴트옵션,14,경제,4주차,20220123,20220129
최고조,3,경제,4주차,20220123,20220129
평가지표,3,경제,4주차,20220123,20220129
토지가격,3,경제,4주차,20220123,20220129
해양교통안전,3,경제,4주차,20220123,20220129
행복한국,3,경제,4주차,20220123,20220129
채식주,11,경제,4주차,20220123,20220129
e-페스티벌,7,경제,4주차,20220123,20220129
아이레이싱,4,경제,4주차,20220123,20220129
정비소,4,경제,4주차,20220123,20220129
프리미엄버스,3,경제,4주차,20220123,20220129
원재료수입물가,4,경제,4주차,20220123,20220129
연구결,4,경제,4주차,20220123,20220129
광전환효율,8,경제,4주차,20220123,20220129
공매시스템,3,경제,4주차,20220123,20220129
이착륙장,4,경제,4주차,20220123,20220129
시제기,3,경제,4주차,20220123,20220129
버티포트,5,경제,4주차,20220123,20220129
절감량,18,경제,4주차,20220123,20220129
수급업자,8,경제,4주차,20220123,20220129
기본계약서,3,경제,4주차,20220123,20220129
SSG개런티,7,경제,4주차,20220123,20220129
고객수,3,경제,4주차,20220123,20220129
안전공학,4,경제,4주차,20220123,20220129
다우존스산업평균지수,8,경제,4주차,20220123,20220129
대면서비스,7,경제,4주차,20220123,20220129
점검지,3,경제,4주차,20220123,20220129
구독세트,5,경제,4주차,20220123,20220129
해외투자법인,4,경제,4주차,20220123,20220129
중대재해처벌법상,4,경제,4주차,20220123,20220129
서울페,15,경제,4주차,20220123,20220129
서울페이플러스,12,경제,4주차,20220123,20220129
H-안전지갑제도,5,경제,4주차,20220123,20220129
불안전,5,경제,4주차,20220123,20220129
에어서큘레이터,4,경제,4주차,20220123,20220129
상장회사,4,경제,4주차,20220123,20220129
위험요소,5,경제,4주차,20220123,20220129
경영실,17,경제,4주차,20220123,20220129
미래BM,3,경제,4주차,20220123,20220129
시흥거모,4,경제,4주차,20220123,20220129
충실의무,3,경제,4주차,20220123,20220129
신희타,4,경제,4주차,20220123,20220129
방역물품,6,경제,4주차,20220123,20220129
두껍상회,10,경제,4주차,20220123,20220129
드롱기,4,경제,4주차,20220123,20220129
와플팬,4,경제,4주차,20220123,20220129
로이터통신,7,경제,4주차,20220123,20220129
것이기,7,경제,4주차,20220123,20220129
사이버트럭,5,경제,4주차,20220123,20220129
투자와연금센터,3,경제,4주차,20220123,20220129
브리지워터,8,경제,4주차,20220123,20220129
시비디시,14,경제,4주차,20220123,20220129
진단사업,3,경제,4주차,20220123,20220129
비에이치씨,8,경제,4주차,20220123,20220129
이동통신용,8,경제,4주차,20220123,20220129
설명자료,3,경제,4주차,20220123,20220129
LG디스플레,13,경제,4주차,20220123,20220129
공사금액,4,경제,4주차,20220123,20220129
폐쇄회,3,경제,4주차,20220123,20220129
부과하기,5,경제,4주차,20220123,20220129
부생수소,3,경제,4주차,20220123,20220129
생산규모,3,경제,4주차,20220123,20220129
중소벤처진흥공단,3,경제,4주차,20220123,20220129
지원함,3,경제,4주차,20220123,20220129
엔진넘버원,6,경제,4주차,20220123,20220129
투자배제,14,경제,4주차,20220123,20220129
투자대상,3,경제,4주차,20220123,20220129
기후솔루션,4,경제,4주차,20220123,20220129
대치갤러리지점,4,경제,4주차,20220123,20220129
주거기본법,3,경제,4주차,20220123,20220129
초소형원자,5,경제,4주차,20220123,20220129
MMR,9,경제,4주차,20220123,20220129
특허제도,4,경제,4주차,20220123,20220129
말총모자,4,경제,4주차,20220123,20220129
지식정보,5,경제,4주차,20220123,20220129
프로8,4,경제,4주차,20220123,20220129
원격학습,3,경제,4주차,20220123,20220129
성장기여,4,경제,4주차,20220123,20220129
순수출,7,경제,4주차,20220123,20220129
문제의식,4,경제,4주차,20220123,20220129
기후에너지부,4,경제,4주차,20220123,20220129
판매대금,6,경제,4주차,20220123,20220129
워시타워,12,경제,4주차,20220123,20220129
펫케어,22,경제,4주차,20220123,20220129
은행회관,15,경제,4주차,20220123,20220129
포용성,5,경제,4주차,20220123,20220129
경제활동인구조사,3,경제,4주차,20220123,20220129
정보통신업,3,경제,4주차,20220123,20220129
사회간접자본,5,경제,4주차,20220123,20220129
교통여건,4,경제,4주차,20220123,20220129
사회관계망서비스,11,경제,4주차,20220123,20220129
폭스바겐그룹,3,경제,4주차,20220123,20220129
임플로이언서,4,경제,4주차,20220123,20220129
다우존스지수,3,경제,4주차,20220123,20220129
음식점주,6,경제,4주차,20220123,20220129
배달플랫폼,7,경제,4주차,20220123,20220129
쿠팡이츠,5,경제,4주차,20220123,20220129
머스트잇,5,경제,4주차,20220123,20220129
전자회사,6,경제,4주차,20220123,20220129
소니카,4,경제,4주차,20220123,20220129
UP가,55,경제,4주차,20220123,20220129
블루수소,3,경제,4주차,20220123,20220129
해외기관,3,경제,4주차,20220123,20220129
선진자본시장,3,경제,4주차,20220123,20220129
C-클래스,3,경제,4주차,20220123,20220129
인증차,3,경제,4주차,20220123,20220129
한둘,4,경제,4주차,20220123,20220129
심심,5,경제,4주차,20220123,20220129
사용패턴,8,경제,4주차,20220123,20220129
본부장급,5,경제,4주차,20220123,20220129
상무보급,3,경제,4주차,20220123,20220129
럿거스대,4,경제,4주차,20220123,20220129
순유출률,3,경제,4주차,20220123,20220129
A조직,5,경제,4주차,20220123,20220129
실손의료보험금,5,경제,4주차,20220123,20220129
B한의원,6,경제,4주차,20220123,20220129
실손보험금,6,경제,4주차,20220123,20220129
재생원료,9,경제,4주차,20220123,20220129
식음료병,3,경제,4주차,20220123,20220129
식품용기,7,경제,4주차,20220123,20220129
ZEP,3,경제,4주차,20220123,20220129
컴투스프로야구,7,경제,4주차,20220123,20220129
컴투스프로야구V22,4,경제,4주차,20220123,20220129
IT전문가,3,경제,4주차,20220123,20220129
건조정도,3,경제,4주차,20220123,20220129
제품경험,3,경제,4주차,20220123,20220129
탈탄소화,3,경제,4주차,20220123,20220129
국가첨단전략산업,18,경제,4주차,20220123,20220129
전략기술,12,경제,4주차,20220123,20220129
기술확보,3,경제,4주차,20220123,20220129
인재발굴,3,경제,4주차,20220123,20220129
탄소중립연구센터,5,경제,4주차,20220123,20220129
갤럭시아메타버스,8,경제,4주차,20220123,20220129
중소기업간,3,경제,4주차,20220123,20220129
일자리매칭플랫폼,3,경제,4주차,20220123,20220129
퓨리움,8,경제,4주차,20220123,20220129
롯데중앙연구소,3,경제,4주차,20220123,20220129
RA,26,경제,4주차,20220123,20220129
대역대,15,경제,4주차,20220123,20220129
수축기,6,경제,4주차,20220123,20220129
비욘드바운더리,3,경제,4주차,20220123,20220129
전술데이터링크,3,경제,4주차,20220123,20220129
추진과제,13,경제,4주차,20220123,20220129
보안칩,4,경제,4주차,20220123,20220129
지문인증카드,10,경제,4주차,20220123,20220129
현실경계,3,경제,4주차,20220123,20220129
동측,4,경제,4주차,20220123,20220129
센트럴스카이,3,경제,4주차,20220123,20220129
구조설계,3,경제,4주차,20220123,20220129
비구조요소,6,경제,4주차,20220123,20220129
부머쇼퍼,4,경제,4주차,20220123,20220129
낙수효,3,경제,4주차,20220123,20220129
경제금융학,7,경제,4주차,20220123,20220129
가상회,4,경제,4주차,20220123,20220129
해외주,27,경제,4주차,20220123,20220129
모햇,6,경제,4주차,20220123,20220129
모현읍,4,경제,4주차,20220123,20220129
수급관리,3,경제,4주차,20220123,20220129
나미솔라,7,경제,4주차,20220123,20220129
지정요건,5,경제,4주차,20220123,20220129
백내장,3,경제,4주차,20220123,20220129
경영실태,10,경제,4주차,20220123,20220129
경영실태평가,8,경제,4주차,20220123,20220129
안전소통센터,3,경제,4주차,20220123,20220129
유통환경,3,경제,4주차,20220123,20220129
마이너스통장대출,6,경제,4주차,20220123,20220129
상생주택,4,경제,4주차,20220123,20220129
신흥국지수,5,경제,4주차,20220123,20220129
콘퍼런스콜,6,경제,4주차,20220123,20220129
심사조항,3,경제,4주차,20220123,20220129
경제지주,6,경제,4주차,20220123,20220129
구직기간,4,경제,4주차,20220123,20220129
소고기육전,3,경제,4주차,20220123,20220129
글로벌금융위기,3,경제,4주차,20220123,20220129
증가함,3,경제,4주차,20220123,20220129
불편사항,4,경제,4주차,20220123,20220129
인구동향,14,경제,4주차,20220123,20220129
국내인구이동통계,3,경제,4주차,20220123,20220129
리딩방,5,경제,4주차,20220123,20220129
운동선수,3,경제,4주차,20220123,20220129
종합건강보험,3,경제,4주차,20220123,20220129
작위명령,3,경제,4주차,20220123,20220129
부작위명령,4,경제,4주차,20220123,20220129
송천점,4,경제,4주차,20220123,20220129
경상수지,3,경제,4주차,20220123,20220129
도시공간,3,경제,4주차,20220123,20220129
Service,6,경제,4주차,20220123,20220129
에비,20,경제,4주차,20220123,20220129
구성하기,4,경제,4주차,20220123,20220129
청약과정,3,경제,4주차,20220123,20220129
등록제도,5,경제,4주차,20220123,20220129
독립조직,4,경제,4주차,20220123,20220129
테이스티나인,12,경제,4주차,20220123,20220129
라인물류시스템,3,경제,4주차,20220123,20220129
발열측정기,3,경제,4주차,20220123,20220129
Park1538,6,경제,4주차,20220123,20220129
소비자동향조사,8,경제,4주차,20220123,20220129
임시선별검사소,9,경제,4주차,20220123,20220129
특별교통대책기간,4,경제,4주차,20220123,20220129
감속차,3,경제,4주차,20220123,20220129
납입액,17,경제,4주차,20220123,20220129
가입일,6,경제,4주차,20220123,20220129
확인절차,3,경제,4주차,20220123,20220129
제주은행,4,경제,4주차,20220123,20220129
유전독성,30,경제,4주차,20220123,20220129
SCCS,9,경제,4주차,20220123,20220129
인구자연감소,4,경제,4주차,20220123,20220129
자연감소,51,경제,4주차,20220123,20220129
출생아수,6,경제,4주차,20220123,20220129
입출금계좌,4,경제,4주차,20220123,20220129
운영방안,8,경제,4주차,20220123,20220129
탈세행위,4,경제,4주차,20220123,20220129
체납징세과,5,경제,4주차,20220123,20220129
연간소득,3,경제,4주차,20220123,20220129
세금비서,4,경제,4주차,20220123,20220129
공시시스템,6,경제,4주차,20220123,20220129
규제차익,5,경제,4주차,20220123,20220129
전자금융법,5,경제,4주차,20220123,20220129
규제특례,4,경제,4주차,20220123,20220129
조치명령,13,경제,4주차,20220123,20220129
업무처리절차,3,경제,4주차,20220123,20220129
의결사항,3,경제,4주차,20220123,20220129
포스트타워,3,경제,4주차,20220123,20220129
고수익,12,경제,4주차,20220123,20220129
복합사업,16,경제,4주차,20220123,20220129
대기환경법,3,경제,4주차,20220123,20220129
입원보험금,14,경제,4주차,20220123,20220129
병역이행,4,경제,4주차,20220123,20220129
울트라프,6,경제,4주차,20220123,20220129
펜실베이니아대,4,경제,4주차,20220123,20220129
사내게시판,4,경제,4주차,20220123,20220129
자가진단키트,6,경제,4주차,20220123,20220129
대유홀딩스,15,경제,4주차,20220123,20220129
발제자,3,경제,4주차,20220123,20220129
통행실태,3,경제,4주차,20220123,20220129
이동계획,4,경제,4주차,20220123,20220129
현대제뉴인,13,경제,4주차,20220123,20220129
호랑이건강원,3,경제,4주차,20220123,20220129
경영정보,3,경제,4주차,20220123,20220129
키너지,8,경제,4주차,20220123,20220129
민간인증서,9,경제,4주차,20220123,20220129
보행경,3,경제,4주차,20220123,20220129
주식재산,7,경제,4주차,20220123,20220129
청정관리,12,경제,4주차,20220123,20220129
열교환기,14,경제,4주차,20220123,20220129
TUV라인란드,6,경제,4주차,20220123,20220129
소비전력량,6,경제,4주차,20220123,20220129
클레,3,경제,4주차,20220123,20220129
ICLR,5,경제,4주차,20220123,20220129
건설기계산업,3,경제,4주차,20220123,20220129
강화함,3,경제,4주차,20220123,20220129
미래성장전략,3,경제,4주차,20220123,20220129
연합단체,5,경제,4주차,20220123,20220129
양자암호통신망,5,경제,4주차,20220123,20220129
룬샷,3,경제,4주차,20220123,20220129
3-도어,3,경제,4주차,20220123,20220129
고용유발효과,3,경제,4주차,20220123,20220129
교통수요,5,경제,4주차,20220123,20220129
반도체기업,5,경제,4주차,20220123,20220129
동물약품,14,경제,4주차,20220123,20220129
고착화,5,경제,4주차,20220123,20220129
납부기한,3,경제,4주차,20220123,20220129
기획분석,3,경제,4주차,20220123,20220129
합동수색,3,경제,4주차,20220123,20220129
저승사자,3,경제,4주차,20220123,20220129
PHA,5,경제,4주차,20220123,20220129
컴파운드케이,4,경제,4주차,20220123,20220129
합작회사,3,경제,4주차,20220123,20220129
수직결합,5,경제,4주차,20220123,20220129
협약사,5,경제,4주차,20220123,20220129
중구자원봉사센터,3,경제,4주차,20220123,20220129
맘스터,5,경제,4주차,20220123,20220129
싸이버거,3,경제,4주차,20220123,20220129
디토랜드,3,경제,4주차,20220123,20220129
축산경제,5,경제,4주차,20220123,20220129
가축질병,5,경제,4주차,20220123,20220129
A사무관,3,경제,4주차,20220123,20220129
미니치타,3,경제,4주차,20220123,20220129
IgM,3,경제,4주차,20220123,20220129
푸트레신,3,경제,4주차,20220123,20220129
ACE2,3,경제,4주차,20220123,20220129
자연증가,8,경제,4주차,20220123,20220129
타이어코드,3,경제,4주차,20220123,20220129
위원장으,3,경제,4주차,20220123,20220129
케이디아이,5,경제,4주차,20220123,20220129
임대기간,5,경제,4주차,20220123,20220129
주택임차,5,경제,4주차,20220123,20220129
갱신거절,4,경제,4주차,20220123,20220129
예측가능,4,경제,4주차,20220123,20220129
복순도가,4,경제,4주차,20220123,20220129
중소기업유통센터,3,경제,4주차,20220123,20220129
P250,3,경제,4주차,20220123,20220129
여성관리자,3,경제,4주차,20220123,20220129
그랜드세이코,6,경제,4주차,20220123,20220129
RFID칩,4,경제,4주차,20220123,20220129
동물등록대행자,3,경제,4주차,20220123,20220129
의무보유확약,4,경제,4주차,20220123,20220129
의무보호확약,5,경제,4주차,20220123,20220129
금속배관,5,경제,4주차,20220123,20220129
위생가전,3,경제,4주차,20220123,20220129
정책결정문,8,경제,4주차,20220123,20220129
일반은행,3,경제,4주차,20220123,20220129
전세수요,5,경제,4주차,20220123,20220129
부동산연구팀,5,경제,4주차,20220123,20220129
기후변화대사,3,경제,4주차,20220123,20220129
입주자격,7,경제,4주차,20220123,20220129
통합공공임대,10,경제,4주차,20220123,20220129
입주자모집공고,4,경제,4주차,20220123,20220129
무주택세대구성원,3,경제,4주차,20220123,20220129
LH청약센터,3,경제,4주차,20220123,20220129
장비업자,4,경제,4주차,20220123,20220129
서울지역센터,4,경제,4주차,20220123,20220129
습식캔,9,경제,4주차,20220123,20220129
후속투자,4,경제,4주차,20220123,20220129
아기욕조,6,경제,4주차,20220123,20220129
대현화학공업,5,경제,4주차,20220123,20220129
기현산업,5,경제,4주차,20220123,20220129
DINP,3,경제,4주차,20220123,20220129
보합전환,10,경제,4주차,20220123,20220129
구매심리,3,경제,4주차,20220123,20220129
시장불안심리,3,경제,4주차,20220123,20220129
재무상황,4,경제,4주차,20220123,20220129
빅스텝,4,경제,4주차,20220123,20220129
유사매매사례가,3,경제,4주차,20220123,20220129
증여자,3,경제,4주차,20220123,20220129
힙마비,4,경제,4주차,20220123,20220129
감독정책,3,경제,4주차,20220123,20220129
샅샅,3,경제,4주차,20220123,20220129
소통협력관,9,경제,4주차,20220123,20220129
VS사업본부,4,경제,4주차,20220123,20220129
주간아파트가격동향,3,경제,4주차,20220123,20220129
화공생물공학,3,경제,4주차,20220123,20220129
팔자세,4,경제,4주차,20220123,20220129
패키지스튜디오,3,경제,4주차,20220123,20220129
베지가든,4,경제,4주차,20220123,20220129
Analog,4,경제,4주차,20220123,20220129
정보채널,3,경제,4주차,20220123,20220129
정보교류,4,경제,4주차,20220123,20220129
요구제도,4,경제,4주차,20220123,20220129
검사국장,3,경제,4주차,20220123,20220129
제2벤처붐,3,경제,4주차,20220123,20220129
전력운송선,7,경제,4주차,20220123,20220129
보이스아,8,경제,4주차,20220123,20220129
SME들,3,경제,4주차,20220123,20220129
조각투자,4,경제,4주차,20220123,20220129
투자계약증권,4,경제,4주차,20220123,20220129
은퇴금융,3,경제,4주차,20220123,20220129
ETFs,3,경제,4주차,20220123,20220129
원유가격,4,경제,4주차,20220123,20220129
순한맛,11,경제,4주차,20220123,20220129
진순파,5,경제,4주차,20220123,20220129
검사방식,4,경제,4주차,20220123,20220129
검사주기,3,경제,4주차,20220123,20220129
검사의견서,3,경제,4주차,20220123,20220129
무인매장,19,경제,4주차,20220123,20220129
고객처,3,경제,4주차,20220123,20220129
침입범죄,22,경제,4주차,20220123,20220129
온라인플랫폼,3,경제,4주차,20220123,20220129
유럽연합위원회,3,경제,4주차,20220123,20220129
본우리집밥,5,경제,4주차,20220123,20220129
옥수수크림,3,경제,4주차,20220123,20220129
아페롤,6,경제,4주차,20220123,20220129
GBP510,3,경제,4주차,20220123,20220129
BLT,6,경제,4주차,20220123,20220129
제주센터,3,경제,4주차,20220123,20220129
수탁사업,6,경제,4주차,20220123,20220129
국제경제관리관,5,경제,4주차,20220123,20220129
디지털시장,4,경제,4주차,20220123,20220129
알셉,13,경제,4주차,20220123,20220129
공정화법,4,경제,4주차,20220123,20220129
에어포인트,6,경제,4주차,20220123,20220129
자동정지,3,경제,4주차,20220123,20220129
우대행위,4,경제,4주차,20220123,20220129
가중평균금리,5,경제,4주차,20220123,20220129
한국제품안전관리원,6,경제,4주차,20220123,20220129
전자등록업무,3,경제,4주차,20220123,20220129
순환변동,16,경제,4주차,20220123,20220129
이남,4,경제,4주차,20220123,20220129
지상도로,3,경제,4주차,20220123,20220129
포도품종,3,경제,4주차,20220123,20220129
비내구재,10,경제,4주차,20220123,20220129
트레일블레이저,11,경제,4주차,20220123,20220129
가상자산거래소,3,경제,4주차,20220123,20220129
아라이리조트,3,경제,4주차,20220123,20220129
숏리스트,6,경제,4주차,20220123,20220129
정통우유식빵,3,경제,4주차,20220123,20220129
슈크림빵,3,경제,4주차,20220123,20220129
기반사업,4,경제,4주차,20220123,20220129
선정계획,3,경제,4주차,20220123,20220129
어피니티컨소시엄,3,경제,4주차,20220123,20220129
청정우,3,경제,4주차,20220123,20220129
글로벌공급망,4,경제,4주차,20220123,20220129
비영리기구,3,경제,4주차,20220123,20220129
비전체계,3,경제,4주차,20220123,20220129
전기차부문,4,경제,4주차,20220123,20220129
밀양공장,3,경제,4주차,20220123,20220129
노면소음,3,경제,4주차,20220123,20220129
K-배터리,3,경제,4주차,20220123,20220129
리튬금속,4,경제,4주차,20220123,20220129
투자관리,3,경제,4주차,20220123,20220129
엑셀컷,3,경제,4주차,20220123,20220129
솥밥,3,경제,4주차,20220123,20220129
크림스프,3,경제,4주차,20220123,20220129
홈설족,4,경제,4주차,20220123,20220129
치아바타,4,경제,4주차,20220123,20220129
옐로우테일,4,경제,4주차,20220123,20220129
하드셀처,3,경제,4주차,20220123,20220129
빅밸류,5,경제,4주차,20220123,20220129
반죽믹스,3,경제,4주차,20220123,20220129
안전지능,6,경제,4주차,20220123,20220129
노동공급,6,경제,4주차,20220123,20220129
랜더스필드,7,경제,4주차,20220123,20220129
단기운전자확대특약,3,경제,4주차,20220123,20220129
팔자,11,경제,4주차,20220123,20220129
국가보증씨수소,3,경제,5주차,20220130,20220131
주식양도세,4,경제,5주차,20220130,20220131
USB-C,7,경제,5주차,20220130,20220131
신통기획,3,경제,5주차,20220130,20220131
안전성,3,경제,5주차,20220130,20220131
기울,4,경제,5주차,20220130,20220131
SK리츠,3,경제,5주차,20220130,20220131
LS일렉트릭,3,경제,5주차,20220130,20220131
사용자,10,경제,5주차,20220130,20220131
동태전,3,경제,5주차,20220130,20220131
원권리자,4,경제,5주차,20220130,20220131
드립백,3,경제,5주차,20220130,20220131
라이언로켓,5,경제,5주차,20220130,20220131
체킷,3,경제,5주차,20220130,20220131
녹색광물,3,경제,5주차,20220130,20220131
금속자원,3,경제,5주차,20220130,20220131
신팀장,10,경제,5주차,20220130,20220131
고속도,9,경제,5주차,20220130,20220131
공유누리,3,경제,5주차,20220130,20220131
수산화리튬,19,경제,5주차,20220130,20220131
의무보유,5,경제,5주차,20220130,20220131
오토금융,6,경제,5주차,20220130,20220131
H9,4,경제,5주차,20220130,20220131
에스유브이,4,경제,5주차,20220130,20220131
아크인베스트먼트,5,경제,5주차,20220130,20220131
