new_word,freq,category,date1,date2
배달수수료,3,경제,20220119,20220125
정보기술,15,경제,20220119,20220125
재정수입,3,경제,20220119,20220125
소니그룹,3,경제,20220119,20220125
비상경제,5,경제,20220119,20220125
온라인동영상서비스,4,경제,20220119,20220125
경제협력개발기구,6,경제,20220119,20220125
최저요금,4,경제,20220119,20220125
현대명품,3,경제,20220119,20220125
코인시황,4,경제,20220119,20220125
중계사이트,4,경제,20220119,20220125
소셜네트워크서비스,7,경제,20220119,20220125
원자재가격,3,경제,20220119,20220125
안전보건관리체계,3,경제,20220119,20220125
안전담당,3,경제,20220119,20220125
전일대비,16,경제,20220119,20220125
당일신청,3,경제,20220119,20220125
시장조사기관,3,경제,20220119,20220125
자동차상인,3,경제,20220119,20220125
부채리스크,4,경제,20220119,20220125
순환자원,4,경제,20220119,20220125
카카오페이에,3,경제,20220119,20220125
부동산시장점검,3,경제,20220119,20220125
공공지원,5,경제,20220119,20220125
싱가포르지점,3,경제,20220119,20220125
계절조정,3,경제,20220119,20220125
촬영협조,3,경제,20220119,20220125
사전청약,18,경제,20220119,20220125
이같,33,경제,20220119,20220125
가계부,20,경제,20220119,20220125
코로나19,418,경제,20220119,20220125
이외에,17,경제,20220119,20220125
문화생활,3,경제,20220119,20220125
대규모,53,경제,20220119,20220125
지향점,6,경제,20220119,20220125
이재,45,경제,20220119,20220125
영상분석시스템,4,경제,20220119,20220125
NFT,54,경제,20220119,20220125
서비,316,경제,20220119,20220125
바로,45,경제,20220119,20220125
나서기,5,경제,20220119,20220125
메타버스,91,경제,20220119,20220125
손실보상금,33,경제,20220119,20220125
끝자리,11,경제,20220119,20220125
손실보상액,5,경제,20220119,20220125
선지급금,3,경제,20220119,20220125
손해배상,6,경제,20220119,20220125
발행일로,3,경제,20220119,20220125
피해주의보,3,경제,20220119,20220125
구매금액,7,경제,20220119,20220125
신기술,15,경제,20220119,20220125
제대,24,경제,20220119,20220125
불확실,31,경제,20220119,20220125
연방준비제도,46,경제,20220119,20220125
액티비,13,경제,20220119,20220125
JP모건체이스,4,경제,20220119,20220125
연방공개시장위원회,18,경제,20220119,20220125
LG에너지솔루션,77,경제,20220119,20220125
MZ세대,47,경제,20220119,20220125
차로,13,경제,20220119,20220125
미접종,7,경제,20220119,20220125
방역패스,13,경제,20220119,20220125
갑작,5,경제,20220119,20220125
리서,11,경제,20220119,20220125
피나스테리드,4,경제,20220119,20220125
수밖,50,경제,20220119,20220125
얼굴인증,13,경제,20220119,20220125
시큐센,3,경제,20220119,20220125
소비자단체협의회,5,경제,20220119,20220125
나가기,4,경제,20220119,20220125
휴대전화,10,경제,20220119,20220125
코리아크레딧뷰,3,경제,20220119,20220125
아텍에너지,8,경제,20220119,20220125
원자,52,경제,20220119,20220125
다변화,11,경제,20220119,20220125
수급처,4,경제,20220119,20220125
자동납부일,5,경제,20220119,20220125
항공교통,23,경제,20220119,20220125
사로,8,경제,20220119,20220125
사실상,39,경제,20220119,20220125
데다,46,경제,20220119,20220125
도정법,4,경제,20220119,20220125
국가통계포털,8,경제,20220119,20220125
상승으로,16,경제,20220119,20220125
중대재해,82,경제,20220119,20220125
중대재해처벌법,48,경제,20220119,20220125
H-안전지갑제도,10,경제,20220119,20220125
네이버페,4,경제,20220119,20220125
국제스팸,8,경제,20220119,20220125
불안정,5,경제,20220119,20220125
불평등,21,경제,20220119,20220125
포용재정포럼,3,경제,20220119,20220125
대기업,56,경제,20220119,20220125
이로,22,경제,20220119,20220125
구조조정,12,경제,20220119,20220125
기자회견,4,경제,20220119,20220125
이에,130,경제,20220119,20220125
적자국채,7,경제,20220119,20220125
요인으로,12,경제,20220119,20220125
실효성,8,경제,20220119,20220125
이자율,4,경제,20220119,20220125
빅테크,31,경제,20220119,20220125
평가가치,4,경제,20220119,20220125
전기차시장,6,경제,20220119,20220125
비전-S,5,경제,20220119,20220125
아이오닉5,6,경제,20220119,20220125
대체불가능,3,경제,20220119,20220125
상태에서,12,경제,20220119,20220125
공급난,3,경제,20220119,20220125
집합금지,7,경제,20220119,20220125
공동인증서,4,경제,20220119,20220125
버팀목자금플러스,3,경제,20220119,20220125
재난지원금,3,경제,20220119,20220125
-1,79,경제,20220119,20220125
중앙대책본부회의,3,경제,20220119,20220125
대응지원체계,3,경제,20220119,20220125
압류방지통장,3,경제,20220119,20220125
전문매체,8,경제,20220119,20220125
온라인으로,15,경제,20220119,20220125
주변부,3,경제,20220119,20220125
삼성바,21,경제,20220119,20220125
한해,11,경제,20220119,20220125
보호종료,7,경제,20220119,20220125
입주대상자,3,경제,20220119,20220125
경매센터,5,경제,20220119,20220125
중고차업계,7,경제,20220119,20220125
외화증권,6,경제,20220119,20220125
외화주식,10,경제,20220119,20220125
미래이니셔티브센터장,5,경제,20220119,20220125
ESG,102,경제,20220119,20220125
심각성,3,경제,20220119,20220125
신분증명,4,경제,20220119,20220125
재활용,32,경제,20220119,20220125
재생원료,3,경제,20220119,20220125
-2,21,경제,20220119,20220125
주거기본법,3,경제,20220119,20220125
정규직으로,6,경제,20220119,20220125
한국경제,5,경제,20220119,20220125
노동시장,10,경제,20220119,20220125
속에서,25,경제,20220119,20220125
그린수소,72,경제,20220119,20220125
건전성,16,경제,20220119,20220125
뉴욕상업거래소,3,경제,20220119,20220125
한국부동산원,16,경제,20220119,20220125
게다,23,경제,20220119,20220125
집콕,7,경제,20220119,20220125
균등배정,8,경제,20220119,20220125
청약수수료,3,경제,20220119,20220125
폴스,22,경제,20220119,20220125
폴스타2,8,경제,20220119,20220125
메르세데스벤츠,3,경제,20220119,20220125
고려저축은행,3,경제,20220119,20220125
질병관리청,4,경제,20220119,20220125
어린,13,경제,20220119,20220125
전자제품,7,경제,20220119,20220125
시장조사업체,5,경제,20220119,20220125
갤럭시S22,6,경제,20220119,20220125
발전단지,5,경제,20220119,20220125
액화수소,9,경제,20220119,20220125
차등가격제,4,경제,20220119,20220125
광역철도망,3,경제,20220119,20220125
의무사항,3,경제,20220119,20220125
총소비,4,경제,20220119,20220125
평균소비성향,4,경제,20220119,20220125
거리두기,15,경제,20220119,20220125
상품군,4,경제,20220119,20220125
준수사항,3,경제,20220119,20220125
신소재,6,경제,20220119,20220125
개인정보,14,경제,20220119,20220125
탈탄소,6,경제,20220119,20220125
시사주간지,8,경제,20220119,20220125
도요,18,경제,20220119,20220125
마감공사,3,경제,20220119,20220125
중처법,7,경제,20220119,20220125
경영책임자,19,경제,20220119,20220125
위기의식,3,경제,20220119,20220125
산업안,18,경제,20220119,20220125
확보전,3,경제,20220119,20220125
코인마켓캡,8,경제,20220119,20220125
부동산R114,11,경제,20220119,20220125
투자기간,3,경제,20220119,20220125
온건,3,경제,20220119,20220125
것만,3,경제,20220119,20220125
양적,16,경제,20220119,20220125
고객으로,3,경제,20220119,20220125
태어,6,경제,20220119,20220125
황씨,7,경제,20220119,20220125
증여공제,11,경제,20220119,20220125
거래가격,4,경제,20220119,20220125
저가거래,3,경제,20220119,20220125
비나아,5,경제,20220119,20220125
생글드,3,경제,20220119,20220125
건강모니터링,5,경제,20220119,20220125
연금퍼즐현상,3,경제,20220119,20220125
장기요양,6,경제,20220119,20220125
기울,11,경제,20220119,20220125
공동행위,31,경제,20220119,20220125
전원회의,9,경제,20220119,20220125
규정안,3,경제,20220119,20220125
VCM,5,경제,20220119,20220125
롯데인재개발원,3,경제,20220119,20220125
세분화,7,경제,20220119,20220125
이슈노트,4,경제,20220119,20220125
재택근무자,4,경제,20220119,20220125
LG엔솔,28,경제,20220119,20220125
가까스,3,경제,20220119,20220125
푸르뫼맘앤키즈,3,경제,20220119,20220125
ESG경영,5,경제,20220119,20220125
효성티앤씨,3,경제,20220119,20220125
카카오페이증권,4,경제,20220119,20220125
법인영업본부,3,경제,20220119,20220125
재정비,5,경제,20220119,20220125
코스닥시장위,14,경제,20220119,20220125
코스닥시장위원회,10,경제,20220119,20220125
한순간,4,경제,20220119,20220125
개선기간,3,경제,20220119,20220125
올리기,3,경제,20220119,20220125
그다음,3,경제,20220119,20220125
한국미니스톱,6,경제,20220119,20220125
슈퍼챗,4,경제,20220119,20220125
중대재해법,10,경제,20220119,20220125
CBDC,30,경제,20220119,20220125
가상자산,50,경제,20220119,20220125
SKIET,8,경제,20220119,20220125
포스코홀딩스,5,경제,20220119,20220125
재정준칙,4,경제,20220119,20220125
대출잔액,3,경제,20220119,20220125
서울외환시장,4,경제,20220119,20220125
메르세데스-벤츠,5,경제,20220119,20220125
수탁자책임전문위원회,8,경제,20220119,20220125
기금운용위원회,5,경제,20220119,20220125
주주대표,7,경제,20220119,20220125
이해관계자,7,경제,20220119,20220125
대회의실,9,경제,20220119,20220125
협탁,3,경제,20220119,20220125
컸음,3,경제,20220119,20220125
지마켓글로벌,5,경제,20220119,20220125
국민건강보험,4,경제,20220119,20220125
대기자금,3,경제,20220119,20220125
생활편의시설,3,경제,20220119,20220125
통신판매업자,3,경제,20220119,20220125
하심위,5,경제,20220119,20220125
카디날코리아,8,경제,20220119,20220125
따상,14,경제,20220119,20220125
후보자,7,경제,20220119,20220125
유럽으로,4,경제,20220119,20220125
로피,8,경제,20220119,20220125
신규물량,3,경제,20220119,20220125
특수기,3,경제,20220119,20220125
즐기기,6,경제,20220119,20220125
은행회관,3,경제,20220119,20220125
SK온,4,경제,20220119,20220125
그린테크노캠퍼스,5,경제,20220119,20220125
화정아이파크,8,경제,20220119,20220125
생활용품,8,경제,20220119,20220125
스마트스토어,8,경제,20220119,20220125
편의사양,7,경제,20220119,20220125
하락거래,5,경제,20220119,20220125
더블유게임즈,7,경제,20220119,20220125
경영전략회의,6,경제,20220119,20220125
클래스101,4,경제,20220119,20220125
엔알비,4,경제,20220119,20220125
불완,12,경제,20220119,20220125
전시장,6,경제,20220119,20220125
중고차판매업,4,경제,20220119,20220125
중고차시장,3,경제,20220119,20220125
러쉬플러스,5,경제,20220119,20220125
컴투스프로야구,7,경제,20220119,20220125
컴투스프로야구V22,4,경제,20220119,20220125
산업장관회의,3,경제,20220119,20220125
한복판,3,경제,20220119,20220125
단독응찰,4,경제,20220119,20220125
대환자금,4,경제,20220119,20220125
드림파크,4,경제,20220119,20220125
대전공설운동장,5,경제,20220119,20220125
설계점수,3,경제,20220119,20220125
가격점수,3,경제,20220119,20220125
주점업,3,경제,20220119,20220125
대덕연구개발특구,3,경제,20220119,20220125
인입선로,4,경제,20220119,20220125
인입철도,4,경제,20220119,20220125
질적,5,경제,20220119,20220125
한국타이어,4,경제,20220119,20220125
차량정비,5,경제,20220119,20220125
대전신세계,4,경제,20220119,20220125
마모도,3,경제,20220119,20220125
땡스위크,4,경제,20220119,20220125
해상운임,4,경제,20220119,20220125
뉴리치,15,경제,20220119,20220125
쿠팡이츠서비스,3,경제,20220119,20220125
성별,3,경제,20220119,20220125
가로주택,26,경제,20220119,20220125
가로구역,4,경제,20220119,20220125
개발행위,3,경제,20220119,20220125
패시브자금,3,경제,20220119,20220125
주택산업,6,경제,20220119,20220125
한국프레스센터,4,경제,20220119,20220125
워렌증권에듀,8,경제,20220119,20220125
경영체계,4,경제,20220119,20220125
무척,6,경제,20220119,20220125
초거대,12,경제,20220119,20220125
엘스비어,3,경제,20220119,20220125
전기자동차,6,경제,20220119,20220125
업무처리지침,4,경제,20220119,20220125
인하액,3,경제,20220119,20220125
연번동의서,3,경제,20220119,20220125
사업구역,4,경제,20220119,20220125
커튼월,4,경제,20220119,20220125
비구조요소,6,경제,20220119,20220125
폐쇄회,4,경제,20220119,20220125
센트럴스카이,3,경제,20220119,20220125
모햇,6,경제,20220119,20220125
해양교통안전,3,경제,20220119,20220125
취업애로청년,4,경제,20220119,20220125
행복한국,3,경제,20220119,20220125
e-페스티벌,4,경제,20220119,20220125
아이레이싱,3,경제,20220119,20220125
닛케이평균,3,경제,20220119,20220125
HSSI,4,경제,20220119,20220125
보급목표제,6,경제,20220119,20220125
지원금액,3,경제,20220119,20220125
지민이,5,경제,20220119,20220125
종합업적평가대회,4,경제,20220119,20220125
폐쌀포대,4,경제,20220119,20220125
NPG,4,경제,20220119,20220125
기금운영,4,경제,20220119,20220125
기금운영본부,3,경제,20220119,20220125
한국교통연구원,4,경제,20220119,20220125
충전량,3,경제,20220119,20220125
확산기,4,경제,20220119,20220125
에어서큘레이터,4,경제,20220119,20220125
중저신용,3,경제,20220119,20220125
부스터샷,6,경제,20220119,20220125
일반정부,5,경제,20220119,20220125
미래BM,3,경제,20220119,20220125
부동산학,3,경제,20220119,20220125
다음날,5,경제,20220119,20220125
소송인단,3,경제,20220119,20220125
추가취업,8,경제,20220119,20220125
마이스마트스토어,3,경제,20220119,20220125
왓패드,3,경제,20220119,20220125
고단백,3,경제,20220119,20220125
유엔사회개발연구소,3,경제,20220119,20220125
해운담합,4,경제,20220119,20220125
상환유예,6,경제,20220119,20220125
개인사업체,3,경제,20220119,20220125
KAEMS,5,경제,20220119,20220125
우편안내,3,경제,20220119,20220125
한우자조금,7,경제,20220119,20220125
제사용품,6,경제,20220119,20220125
혁신벤처업계,4,경제,20220119,20220125
불리기,4,경제,20220119,20220125
국제정세,3,경제,20220119,20220125
구직기간,4,경제,20220119,20220125
임금수준,3,경제,20220119,20220125
경영실천,3,경제,20220119,20220125
가상화폐시장,5,경제,20220119,20220125
정당성,3,경제,20220119,20220125
공인중개사사무소,4,경제,20220119,20220125
HS그룹,5,경제,20220119,20220125
시장위,4,경제,20220119,20220125
시노팜,5,경제,20220119,20220125
맘스터,8,경제,20220119,20220125
버크셔해서웨이,5,경제,20220119,20220125
좌석승급,3,경제,20220119,20220125
펫휴머니제이션,3,경제,20220119,20220125
심결례,3,경제,20220119,20220125
주거지원사업,3,경제,20220119,20220125
재분배,8,경제,20220119,20220125
적재불량,3,경제,20220119,20220125
등록말소,7,경제,20220119,20220125
XC,21,경제,20220119,20220125
엑스커버5,8,경제,20220119,20220125
갤럭시S21,3,경제,20220119,20220125
종합건강보험,3,경제,20220119,20220125
시이에스,6,경제,20220119,20220125
진단사업,3,경제,20220119,20220125
직접일자리,3,경제,20220119,20220125
시비디시,14,경제,20220119,20220125
신인천빛드림본부,3,경제,20220119,20220125
연료전지발전소,5,경제,20220119,20220125
미접종자,5,경제,20220119,20220125
야리스,4,경제,20220119,20220125
바디킷,3,경제,20220119,20220125
알로,3,경제,20220119,20220125
레그룸,5,경제,20220119,20220125
전세사기,5,경제,20220119,20220125
V70,13,경제,20220119,20220125
K-치킨,3,경제,20220119,20220125
배달료,6,경제,20220119,20220125
배민1,3,경제,20220119,20220125
내부통제기준,5,경제,20220126,20220201
국가보증씨수소,3,경제,20220126,20220201
전년동월대비,3,경제,20220126,20220201
절반가량,3,경제,20220126,20220201
플랜테이블,4,경제,20220126,20220201
대지면적,3,경제,20220126,20220201
금융정보업체,6,경제,20220126,20220201
납입금액,3,경제,20220126,20220201
종합포털,3,경제,20220126,20220201
유치협력,3,경제,20220126,20220201
전기차용,9,경제,20220126,20220201
불안정세,7,경제,20220126,20220201
게임이용자,5,경제,20220126,20220201
주행가능거리,3,경제,20220126,20220201
시장환경,3,경제,20220126,20220201
제조업종,3,경제,20220126,20220201
동파위험,3,경제,20220126,20220201
주민조직,3,경제,20220126,20220201
대체불가토큰,6,경제,20220126,20220201
명절기간,3,경제,20220126,20220201
취득자금,4,경제,20220126,20220201
우리주택,3,경제,20220126,20220201
자산가액,3,경제,20220126,20220201
탄소정보공개프로젝트,4,경제,20220126,20220201
가계수입전망,3,경제,20220126,20220201
소비지출전망,3,경제,20220126,20220201
향후경기전망,3,경제,20220126,20220201
거주의무,3,경제,20220126,20220201
정세대비,4,경제,20220126,20220201
기본금융,3,경제,20220126,20220201
정보업체,3,경제,20220126,20220201
전세매물,3,경제,20220126,20220201
제재심의위원회,5,경제,20220126,20220201
라임펀드,5,경제,20220126,20220201
말까지,22,경제,20220126,20220201
러시아-우크라,21,경제,20220126,20220201
서학개미,8,경제,20220126,20220201
해외주,25,경제,20220126,20220201
트레,17,경제,20220126,20220201
로블록스,4,경제,20220126,20220201
아마,21,경제,20220126,20220201
USB-C,7,경제,20220126,20220201
없을,30,경제,20220126,20220201
공공재개발,4,경제,20220126,20220201
신통기획,3,경제,20220126,20220201
공공성,3,경제,20220126,20220201
기업공개,20,경제,20220126,20220201
롯데온,5,경제,20220126,20220201
찾기,22,경제,20220126,20220201
것이기,8,경제,20220126,20220201
그럼에,14,경제,20220126,20220201
블룸버,17,경제,20220126,20220201
최고경영자,14,경제,20220126,20220201
특별격려금,3,경제,20220126,20220201
평균판매,8,경제,20220126,20220201
CE부문,3,경제,20220126,20220201
침입범죄,20,경제,20220126,20220201
만들기,20,경제,20220126,20220201
안에서,8,경제,20220126,20220201
습식캔,5,경제,20220126,20220201
김지,13,경제,20220126,20220201
간소화,25,경제,20220126,20220201
민간인증서,7,경제,20220126,20220201
대현화학공업,4,경제,20220126,20220201
DINP,4,경제,20220126,20220201
보합전환,5,경제,20220126,20220201
발행회사,4,경제,20220126,20220201
방역정책,3,경제,20220126,20220201
복합사업,5,경제,20220126,20220201
Park1538,6,경제,20220126,20220201
임시선별검사소,3,경제,20220126,20220201
테이스티나인,3,경제,20220126,20220201
납입액,4,경제,20220126,20220201
청년희망적금,14,경제,20220126,20220201
불가능,28,경제,20220126,20220201
저축장려금,5,경제,20220126,20220201
미리보기,6,경제,20220126,20220201
경제만랩,9,경제,20220126,20220201
주택가격동향,4,경제,20220126,20220201
스텔란티스,11,경제,20220126,20220201
자동차학,6,경제,20220126,20220201
모다모다,25,경제,20220126,20220201
블랙샴푸,6,경제,20220126,20220201
THB,22,경제,20220126,20220201
유전독성,17,경제,20220126,20220201
타당,11,경제,20220126,20220201
있음,14,경제,20220126,20220201
SCCS,4,경제,20220126,20220201
걸림돌이,12,경제,20220126,20220201
집적화단지,3,경제,20220126,20220201
인구자연감소,4,경제,20220126,20220201
자연감소,5,경제,20220126,20220201
출생아수,3,경제,20220126,20220201
SNE리서치,4,경제,20220126,20220201
고함량,3,경제,20220126,20220201
중국으로,6,경제,20220126,20220201
폐페트병,7,경제,20220126,20220201
보스턴다이내믹스,4,경제,20220126,20220201
중에서,22,경제,20220126,20220201
녹색광물,3,경제,20220126,20220201
금속자원,3,경제,20220126,20220201
순환경제,3,경제,20220126,20220201
방역시설,5,경제,20220126,20220201
높이기,19,경제,20220126,20220201
고객경험,6,경제,20220126,20220201
쿠팡이츠,3,경제,20220126,20220201
수급난,11,경제,20220126,20220201
폭스바겐그룹,3,경제,20220126,20220201
카카오엔터테인먼트,3,경제,20220126,20220201
원두값,4,경제,20220126,20220201
떨어지기,5,경제,20220126,20220201
CR,5,경제,20220126,20220201
보탬,4,경제,20220126,20220201
리씨온,5,경제,20220126,20220201
투자자로,4,경제,20220126,20220201
국민연금,27,경제,20220126,20220201
달러값,3,경제,20220126,20220201
국제경제관리관,3,경제,20220126,20220201
재산소비세정책관,4,경제,20220126,20220201
엘다바,5,경제,20220126,20220201
신팀장,10,경제,20220126,20220201
재조정,3,경제,20220126,20220201
불균형,6,경제,20220126,20220201
늘어나기,9,경제,20220126,20220201
EV6,37,경제,20220126,20220201
타이칸,13,경제,20220126,20220201
무상사용,8,경제,20220126,20220201
직계비속,6,경제,20220126,20220201
가격정보,6,경제,20220126,20220201
참가격,4,경제,20220126,20220201
외에,43,경제,20220126,20220201
옛말,3,경제,20220126,20220201
hy,9,경제,20220126,20220201
사골육수,3,경제,20220126,20220201
활용되기,3,경제,20220126,20220201
사우스파,5,경제,20220126,20220201
에프앤가이드,6,경제,20220126,20220201
영끌,6,경제,20220126,20220201
A업체,6,경제,20220126,20220201
견인기사,15,경제,20220126,20220201
홈설족,4,경제,20220126,20220201
초등학교,9,경제,20220126,20220201
관점에서,13,경제,20220126,20220201
세우기,5,경제,20220126,20220201
에디슨모터스,22,경제,20220126,20220201
콘퍼런스콜,9,경제,20220126,20220201
거래량으,4,경제,20220126,20220201
이용률,3,경제,20220126,20220201
송천점,3,경제,20220126,20220201
클레,3,경제,20220126,20220201
정말,14,경제,20220126,20220201
사이버트럭,4,경제,20220126,20220201
하므,3,경제,20220126,20220201
빅스텝,3,경제,20220126,20220201
대차대조표,9,경제,20220126,20220201
네이버Z,3,경제,20220126,20220201
중국산,6,경제,20220126,20220201
EQS,8,경제,20220126,20220201
예금상품,3,경제,20220126,20220201
상호금융,5,경제,20220126,20220201
우대조건,5,경제,20220126,20220201
발제자,3,경제,20220126,20220201
가뜩,5,경제,20220126,20220201
세계경제전망,4,경제,20220126,20220201
K-택소노미,6,경제,20220126,20220201
기정사실화,3,경제,20220126,20220201
임대차법,3,경제,20220126,20220201
그야말,5,경제,20220126,20220201
의무보유,17,경제,20220126,20220201
SK리츠,3,경제,20220126,20220201
양해각서,4,경제,20220126,20220201
디폴트옵션,4,경제,20220126,20220201
선순환,6,경제,20220126,20220201
공매,59,경제,20220126,20220201
재정경제부,3,경제,20220126,20220201
패키지스튜디오,3,경제,20220126,20220201
일상회복,5,경제,20220126,20220201
채식주,8,경제,20220126,20220201
파스,13,경제,20220126,20220201
베지가든,5,경제,20220126,20220201
Analog,4,경제,20220126,20220201
유치위원회장,3,경제,20220126,20220201
내구성,10,경제,20220126,20220201
불편사항,3,경제,20220126,20220201
생산자단체,4,경제,20220126,20220201
낙농산업,4,경제,20220126,20220201
음용유,15,경제,20220126,20220201
고기왕만두,3,경제,20220126,20220201
예금은행,4,경제,20220126,20220201
집주인,6,경제,20220126,20220201
현금비중,3,경제,20220126,20220201
콴텍,6,경제,20220126,20220201
자산군,4,경제,20220126,20220201
체인저,3,경제,20220126,20220201
디지털자산,3,경제,20220126,20220201
저승사자,3,경제,20220126,20220201
정부로,3,경제,20220126,20220201
미확약,7,경제,20220126,20220201
EC룸,7,경제,20220126,20220201
LG디스플레,16,경제,20220126,20220201
사업기반,3,경제,20220126,20220201
해운운임,7,경제,20220126,20220201
샹테카,3,경제,20220126,20220201
국세공무원,3,경제,20220126,20220201
탄소국경조정제도,4,경제,20220126,20220201
배출규제,3,경제,20220126,20220201
특별함,3,경제,20220126,20220201
기본대출,12,경제,20220126,20220201
드립백,5,경제,20220126,20220201
캡슐세트,4,경제,20220126,20220201
위드코로나,5,경제,20220126,20220201
가정시장,3,경제,20220126,20220201
회색코뿔소,6,경제,20220126,20220201
아름다움,6,경제,20220126,20220201
원데,3,경제,20220126,20220201
없음,3,경제,20220126,20220201
경영효율,3,경제,20220126,20220201
경영협약,3,경제,20220126,20220201
경영평가위원회,3,경제,20220126,20220201
지정요건,3,경제,20220126,20220201
간선도,3,경제,20220126,20220201
이동시간,3,경제,20220126,20220201
넘김,3,경제,20220126,20220201
아페롤,6,경제,20220126,20220201
안전보건관리,4,경제,20220126,20220201
치아바타,4,경제,20220126,20220201
가득,9,경제,20220126,20220201
자가진단키트,9,경제,20220126,20220201
대확산,4,경제,20220126,20220201
반죽믹스,3,경제,20220126,20220201
시리즈온,3,경제,20220126,20220201
보이스아,8,경제,20220126,20220201
고수익,11,경제,20220126,20220201
상품성,5,경제,20220126,20220201
국내공장,3,경제,20220126,20220201
솥밥,3,경제,20220126,20220201
종합건강검진,4,경제,20220126,20220201
타당성,6,경제,20220126,20220201
비지상네트워크,3,경제,20220126,20220201
옥수수크림,3,경제,20220126,20220201
SK넥실리스,4,경제,20220126,20220201
종이쌀포대,6,경제,20220126,20220201
단체급식장,4,경제,20220126,20220201
쌀포대,5,경제,20220126,20220201
재사용,5,경제,20220126,20220201
심라이즈,4,경제,20220126,20220201
신한라이프,5,경제,20220126,20220201
리딩방,3,경제,20220126,20220201
공유누리,3,경제,20220126,20220201
깔끔함,3,경제,20220126,20220201
영구처분,4,경제,20220126,20220201
영구처분시설,3,경제,20220126,20220201
한겨울,3,경제,20220126,20220201
안전관리시스템,3,경제,20220126,20220201
상속공제,10,경제,20220126,20220201
숙의역량,4,경제,20220126,20220201
참여예산,6,경제,20220126,20220201
저절,4,경제,20220126,20220201
대전충남본부,3,경제,20220126,20220201
중대시민재해,4,경제,20220126,20220201
꿈돌,9,경제,20220126,20220201
B한의원,4,경제,20220126,20220201
은퇴금융,3,경제,20220126,20220201
원가량,3,경제,20220126,20220201
메모리반도체,7,경제,20220126,20220201
한자리,3,경제,20220126,20220201
지문인증카드,3,경제,20220126,20220201
리시온,5,경제,20220126,20220201
제1순환고속도로,3,경제,20220126,20220201
동태전,4,경제,20220126,20220201
한국로봇산업진흥원,3,경제,20220126,20220201
스타트업으,3,경제,20220126,20220201
벌칸에너지,4,경제,20220126,20220201
과잉처벌,3,경제,20220126,20220201
에이블리,11,경제,20220126,20220201
변비행,3,경제,20220126,20220201
전파고도계,14,경제,20220126,20220201
주파수대역,3,경제,20220126,20220201
동물약품,14,경제,20220126,20220201
사회조사,5,경제,20220126,20220201
하노,3,경제,20220126,20220201
발전업계,4,경제,20220126,20220201
도시정비,5,경제,20220126,20220201
북서울자,3,경제,20220126,20220201
청약홈,3,경제,20220126,20220201
방역지침,3,경제,20220126,20220201
운전면허시험장,3,경제,20220126,20220201
경영관리,3,경제,20220126,20220201
겐이치,3,경제,20220126,20220201
교육교부금,7,경제,20220126,20220201
연방준비제도이사회,5,경제,20220126,20220201
교통여건,4,경제,20220126,20220201
원권리자,4,경제,20220126,20220201
인구변화,3,경제,20220126,20220201
노동공급,6,경제,20220126,20220201
랜더스필드,7,경제,20220126,20220201
쓱데이,3,경제,20220126,20220201
가상인간,4,경제,20220126,20220201
주택임차,4,경제,20220126,20220201
매매량,9,경제,20220126,20220201
가구소득,10,경제,20220126,20220201
사옥도,4,경제,20220126,20220201
총사업비,3,경제,20220126,20220201
컴파운드케이,4,경제,20220126,20220201
오토금융,6,경제,20220126,20220201
자산소득,7,경제,20220126,20220201
재무부,6,경제,20220126,20220201
빨아들,4,경제,20220126,20220201
내연기관차,5,경제,20220126,20220201
렉키로나,5,경제,20220126,20220201
재택치료,8,경제,20220126,20220201
GBP510,3,경제,20220126,20220201
mRNA,4,경제,20220126,20220201
펜실베이니아대,3,경제,20220126,20220201
제주센터,3,경제,20220126,20220201
갤럭시아메타버스,4,경제,20220126,20220201
정부배당,9,경제,20220126,20220201
정부배당수입,4,경제,20220126,20220201
대중선어,3,경제,20220126,20220201
주택부수토지,5,경제,20220126,20220201
B주택,4,경제,20220126,20220201
주택면적,4,경제,20220126,20220201
신혼부부,5,경제,20220126,20220201
균발위,4,경제,20220126,20220201
비내구재,3,경제,20220126,20220201
리모델링사업,3,경제,20220126,20220201
화성캠퍼스,3,경제,20220126,20220201
불이익,5,경제,20220126,20220201
일반신용대출,8,경제,20220126,20220201
신용평점,8,경제,20220126,20220201
기본저축,4,경제,20220126,20220201
업무상업시설,10,경제,20220126,20220201
LCC들,3,경제,20220126,20220201
QNED,7,경제,20220126,20220201
발광다이오드,4,경제,20220126,20220201
발광원,5,경제,20220126,20220201
연돈,9,경제,20220126,20220201
상단부,5,경제,20220126,20220201
A사무관,3,경제,20220126,20220201
미니치타,3,경제,20220126,20220201
IgM,3,경제,20220126,20220201
라이언로켓,5,경제,20220126,20220201
체킷,3,경제,20220126,20220201
자오창펑,12,경제,20220126,20220201
H9,4,경제,20220126,20220201
금리인상기,3,경제,20220126,20220201
시장위원회,3,경제,20220126,20220201
빅밸류,5,경제,20220126,20220201
알셉,13,경제,20220126,20220201
디지털시장,3,경제,20220126,20220201
에스유브이,4,경제,20220126,20220201
분양가격,4,경제,20220126,20220201
엘에이치,5,경제,20220126,20220201
공급가격,3,경제,20220126,20220201
자동정지,3,경제,20220126,20220201
여성관리자,3,경제,20220126,20220201
양성평등,4,경제,20220126,20220201
그랜드세이코,6,경제,20220126,20220201
P250,3,경제,20220126,20220201
센터페시아,3,경제,20220126,20220201
의무보유확약,5,경제,20220126,20220201
아이돌가수,3,경제,20220126,20220201
FIA,4,경제,20220126,20220201
세이프티카,5,경제,20220126,20220201
스타리아,12,경제,20220126,20220201
월드컵공원진출입로,3,경제,20220126,20220201
아크인베스트먼트,5,경제,20220126,20220201
아블로,4,경제,20220126,20220201
단기운전자확대특약,3,경제,20220126,20220201
경제매체,4,경제,20220202,20220208
창업사업,3,경제,20220202,20220208
기본주택,5,경제,20220202,20220208
기업분석연구소,3,경제,20220202,20220208
선도지구,3,경제,20220202,20220208
유가정보사이트,8,경제,20220202,20220208
신용카드,3,경제,20220202,20220208
기관추천,4,경제,20220202,20220208
전략부문,3,경제,20220202,20220208
보장범위,4,경제,20220202,20220208
유가정보서비스,7,경제,20220202,20220208
지역거점,3,경제,20220202,20220208
혁신기술개발,4,경제,20220202,20220208
석유수출국기구,4,경제,20220202,20220208
별도재무제표,4,경제,20220202,20220208
침입방지,4,경제,20220202,20220208
서민가계,3,경제,20220202,20220208
매일매일,3,경제,20220202,20220208
음식서비스,3,경제,20220202,20220208
배달기사,3,경제,20220202,20220208
동부시간,3,경제,20220202,20220208
실손보험금,3,경제,20220202,20220208
생애자산,6,경제,20220202,20220208
건강서비스,4,경제,20220202,20220208
금융스타일,4,경제,20220202,20220208
구매현황,3,경제,20220202,20220208
안내서비스,3,경제,20220202,20220208
대체육,76,경제,20220202,20220208
무급가족종사자,3,경제,20220202,20220208
갭투기,6,경제,20220202,20220208
대표로,5,경제,20220202,20220208
명의신탁,3,경제,20220202,20220208
이상거래,7,경제,20220202,20220208
메타플랫폼,3,경제,20220202,20220208
빅테,23,경제,20220202,20220208
공업제품,6,경제,20220202,20220208
유효성,3,경제,20220202,20220208
자사앱,3,경제,20220202,20220208
선행지표,4,경제,20220202,20220208
신도시,12,경제,20220202,20220208
적립몰,3,경제,20220202,20220208
회장후보추천위원회,5,경제,20220202,20220208
하나은행,68,경제,20220202,20220208
열리기,3,경제,20220202,20220208
동부하이테크센터,3,경제,20220202,20220208
분양건축물,6,경제,20220202,20220208
분양제도,7,경제,20220202,20220208
예외사유,3,경제,20220202,20220208
우선분양,3,경제,20220202,20220208
분양신고일,3,경제,20220202,20220208
청약의무,3,경제,20220202,20220208
시장으로,6,경제,20220202,20220208
행원급,6,경제,20220202,20220208
등에서,43,경제,20220202,20220208
등록대,4,경제,20220202,20220208
페트로베트남전력,6,경제,20220202,20220208
복합화력발,13,경제,20220202,20220208
가스복합화력발전소,5,경제,20220202,20220208
릴라마,6,경제,20220202,20220208
가스터빈,4,경제,20220202,20220208
입찰제안,3,경제,20220202,20220208
국가전력개발계획,6,경제,20220202,20220208
복합발전,4,경제,20220202,20220208
매수호가,4,경제,20220202,20220208
집약체,3,경제,20220202,20220208
국회예산정책처,3,경제,20220202,20220208
환산액,5,경제,20220202,20220208
외화예수금,3,경제,20220202,20220208
중산층,7,경제,20220202,20220208
한국광물자원공사,3,경제,20220202,20220208
다목적,3,경제,20220202,20220208
민간사전청,7,경제,20220202,20220208
파주운정3,16,경제,20220202,20220208
재당첨,4,경제,20220202,20220208
사업시행자,11,경제,20220202,20220208
정비계획,4,경제,20220202,20220208
직장연금,7,경제,20220202,20220208
조기은퇴,7,경제,20220202,20220208
이전지출,4,경제,20220202,20220208
비경제활동인구,3,경제,20220202,20220208
금융보험업,5,경제,20220202,20220208
신용정보,6,경제,20220202,20220208
로보독,8,경제,20220202,20220208
유가정보,16,경제,20220202,20220208
도심복합사업,5,경제,20220202,20220208
공공정비사업,3,경제,20220202,20220208
대한건설정책연구원,7,경제,20220202,20220208
한국자동차연구원,4,경제,20220202,20220208
뒷광고,35,경제,20220202,20220208
아닌,55,경제,20220202,20220208
아이폰SE3,9,경제,20220202,20220208
아이폰SE2,3,경제,20220202,20220208
심상,18,경제,20220202,20220208
이주,11,경제,20220202,20220208
비대면으로,8,경제,20220202,20220208
모으기,3,경제,20220202,20220208
상위권,4,경제,20220202,20220208
가치투자,3,경제,20220202,20220208
대광건영,3,경제,20220202,20220208
준공승인,3,경제,20220202,20220208
도시공학,3,경제,20220202,20220208
실적배당상품,5,경제,20220202,20220208
점에서,15,경제,20220202,20220208
한편으,3,경제,20220202,20220208
설비공사,3,경제,20220202,20220208
E-GMP,4,경제,20220202,20220208
세컨드모닝,3,경제,20220202,20220208
있었던,14,경제,20220202,20220208
한국거래소,25,경제,20220202,20220208
대어급,4,경제,20220202,20220208
잡마켓,4,경제,20220202,20220208
기다,16,경제,20220202,20220208
노숙런,3,경제,20220202,20220208
장쑤위에다그룹,6,경제,20220202,20220208
합작회사,3,경제,20220202,20220208
파주운정3지구,4,경제,20220202,20220208
A33블록,5,경제,20220202,20220208
A20블록,5,경제,20220202,20220208
현대건설,4,경제,20220202,20220208
전략통,4,경제,20220202,20220208
종류별,5,경제,20220202,20220208
자산거래세,3,경제,20220202,20220208
매매업,5,경제,20220202,20220208
공정거래위원회로,4,경제,20220202,20220208
대기환경보전법,8,경제,20220202,20220208
소음진동관리법,4,경제,20220202,20220208
교육과정,8,경제,20220202,20220208
쇼핑대전,3,경제,20220202,20220208
전셋집,9,경제,20220202,20220208
삼기,3,경제,20220202,20220208
기업리서치센터,3,경제,20220202,20220208
문제의식,3,경제,20220202,20220208
표현방식,4,경제,20220202,20220208
표시광고법,4,경제,20220202,20220208
원자잿값,3,경제,20220202,20220208
부동산원,5,경제,20220202,20220208
번식장,20,경제,20220202,20220208
빼기,3,경제,20220202,20220208
권장소비자가격,3,경제,20220202,20220208
이용권,3,경제,20220202,20220208
룸바이홈,4,경제,20220202,20220208
건조계약,6,경제,20220202,20220208
원격근무,6,경제,20220202,20220208
자가검사키트,6,경제,20220202,20220208
남아프리카공화국,3,경제,20220202,20220208
집합교육,4,경제,20220202,20220208
그중,3,경제,20220202,20220208
과표구간,14,경제,20220202,20220208
전용전기차,3,경제,20220202,20220208
미국으로,3,경제,20220202,20220208
S21,3,경제,20220202,20220208
GT2,12,경제,20220202,20220208
회계연도,5,경제,20220202,20220208
우선순위,7,경제,20220202,20220208
내장형,3,경제,20220202,20220208
플러스뷰,4,경제,20220202,20220208
착한포장,5,경제,20220202,20220208
N타워,12,경제,20220202,20220208
봉봉방앗간,4,경제,20220202,20220208
쌍끌,8,경제,20220202,20220208
대한전문건설협회,3,경제,20220202,20220208
이슬간,5,경제,20220202,20220208
GX,7,경제,20220202,20220208
전국삼성전자노조,5,경제,20220202,20220208
임금교섭,9,경제,20220202,20220208
노사협의회,14,경제,20220202,20220208
조정기간,4,경제,20220202,20220208
랭킹닭컴,4,경제,20220202,20220208
육용오리,7,경제,20220202,20220208
초동대응팀,3,경제,20220202,20220208
가금농장,12,경제,20220202,20220208
그로,5,경제,20220202,20220208
비경상이익,4,경제,20220202,20220208
감축량,3,경제,20220202,20220208
마이랩,4,경제,20220202,20220208
종합공사,3,경제,20220202,20220208
중소건설기업,4,경제,20220202,20220208
리오프닝주,4,경제,20220202,20220208
과학기술,15,경제,20220202,20220208
해양환경교육,5,경제,20220202,20220208
RE100,37,경제,20220202,20220208
이행수단,3,경제,20220202,20220208
전기소비자,9,경제,20220202,20220208
적정처리,3,경제,20220202,20220208
축산환경개선,6,경제,20220202,20220208
신속항원검사,4,경제,20220202,20220208
제2경인고속도,3,경제,20220202,20220208
통합임대,4,경제,20220202,20220208
연장하기,3,경제,20220202,20220208
릴레,3,경제,20220202,20220208
청약경쟁,3,경제,20220202,20220208
육종가,3,경제,20220202,20220208
제작사별,5,경제,20220202,20220208
라이브방송,3,경제,20220202,20220208
메르세데스벤츠코리아,3,경제,20220202,20220208
분사량,3,경제,20220202,20220208
거금회의,3,경제,20220202,20220208
라이크라이언,3,경제,20220202,20220208
멋쟁이사자처럼,3,경제,20220202,20220208
민팅,8,경제,20220202,20220208
오픈씨,9,경제,20220202,20220208
패널데이터,4,경제,20220202,20220208
주간거래,7,경제,20220202,20220208
최현,18,경제,20220202,20220208
아바타들,6,경제,20220202,20220208
통신분쟁조정,3,경제,20220202,20220208
방역지원금,4,경제,20220202,20220208
우주청,6,경제,20220202,20220208
나날,4,경제,20220202,20220208
입주자모집공고,3,경제,20220202,20220208
세종시,10,경제,20220202,20220208
주거전용면적,7,경제,20220202,20220208
도시가스,19,경제,20220202,20220208
차원으로,3,경제,20220202,20220208
공지문,4,경제,20220202,20220208
CFIUS,4,경제,20220202,20220208
관계당국,3,경제,20220202,20220208
테크기업,4,경제,20220202,20220208
빅테크들,5,경제,20220202,20220208
인앱결제,6,경제,20220202,20220208
이행체계,3,경제,20220202,20220208
필라1,3,경제,20220202,20220208
서울옥션블루,5,경제,20220202,20220208
삼성디스플레,3,경제,20220202,20220208
선물하기,4,경제,20220202,20220208
시장가격,3,경제,20220202,20220208
쇼핑라이브,4,경제,20220202,20220208
과세표준,4,경제,20220202,20220208
AI은행원,6,경제,20220202,20220208
상상인저축은행,3,경제,20220202,20220208
소보로,3,경제,20220202,20220208
자율운항,6,경제,20220202,20220208
밸류체인,4,경제,20220202,20220208
헤드룸,6,경제,20220202,20220208
위협으로,3,경제,20220202,20220208
일상생활,3,경제,20220202,20220208
쿠폰팩,5,경제,20220202,20220208
공식몰,3,경제,20220202,20220208
기업올림픽,4,경제,20220202,20220208
에교협,3,경제,20220202,20220208
재생합성연료,3,경제,20220202,20220208
치어풀,11,경제,20220202,20220208
LCK리그,3,경제,20220202,20220208
응원문구,3,경제,20220202,20220208
에너지마켓플레이스,4,경제,20220202,20220208
비상등,3,경제,20220202,20220208
국가재정운용계획,5,경제,20220202,20220208
세계잉여금,3,경제,20220202,20220208
M9,3,경제,20220202,20220208
C필러,3,경제,20220202,20220208
마스턴투자운용,3,경제,20220202,20220208
건강보험심사평가원,3,경제,20220202,20220208
로스터리,6,경제,20220202,20220208
Brew,4,경제,20220202,20220208
상당폭,3,경제,20220202,20220208
결과서,3,경제,20220202,20220208
공항철도,5,경제,20220202,20220208
스탠바이미,8,경제,20220202,20220208
파밀리에,9,경제,20220202,20220208
재정립,3,경제,20220202,20220208
중대형기,3,경제,20220202,20220208
Culture,4,경제,20220202,20220208
의료데이터,3,경제,20220202,20220208
롤라카드,3,경제,20220202,20220208
이용금액,5,경제,20220202,20220208
라클라우드,11,경제,20220202,20220208
녹색채권,3,경제,20220202,20220208
해저광케이블,4,경제,20220202,20220208
청정관리,5,경제,20220202,20220208
캐피털이코노믹스,3,경제,20220202,20220208
융자추천,3,경제,20220202,20220208
평가모형,4,경제,20220202,20220208
그분들,3,경제,20220202,20220208
한결원,3,경제,20220202,20220208
방류사업,6,경제,20220202,20220208
월드건설산업,5,경제,20220202,20220208
미쓰이홀,4,경제,20220202,20220208
이월면,3,경제,20220202,20220208
소액주문비,15,경제,20220202,20220208
주문비,3,경제,20220202,20220208
울트라프,4,경제,20220202,20220208
마루180,3,경제,20220202,20220208
엠엔큐투자파트너스,3,경제,20220202,20220208
음원IP,14,경제,20220202,20220208
스니커테크,3,경제,20220202,20220208
절벽마을,3,경제,20220202,20220208
잔존가,4,경제,20220202,20220208
사후통신,4,경제,20220202,20220208
사후세계,8,경제,20220202,20220208
죽음학,3,경제,20220202,20220208
근사체험,9,경제,20220202,20220208
에너지값,3,경제,20220202,20220208
엘지전자,5,경제,20220202,20220208
유비쿼츠,3,경제,20220202,20220208
기술이전,3,경제,20220202,20220208
방산거래,4,경제,20220202,20220208
탄소포집저장,23,경제,20220202,20220208
퀘스트공장,5,경제,20220202,20220208
자금시장,3,경제,20220202,20220208
산업사슬,6,경제,20220202,20220208
한잔당,4,경제,20220202,20220208
STi,6,경제,20220202,20220208
E-RA,5,경제,20220202,20220208
미드게이트,3,경제,20220202,20220208
비타베리,6,경제,20220202,20220208
개발이익,4,경제,20220202,20220208
기흥IC,5,경제,20220202,20220208
카본파이버,5,경제,20220202,20220208
별도기준,3,경제,20220202,20220208
LM62,9,경제,20220202,20220208
KTM,3,경제,20220202,20220208
상사업계,3,경제,20220202,20220208
LX인터내셔널,6,경제,20220202,20220208
대형항공사,3,경제,20220202,20220208
알짜노선,3,경제,20220202,20220208
수급관리,5,경제,20220209,20220216
분석방법,4,경제,20220209,20220216
동월대비,3,경제,20220209,20220216
재정수지,4,경제,20220209,20220216
관리재정수지,5,경제,20220209,20220216
공유모빌리티,3,경제,20220209,20220216
외식가격,4,경제,20220209,20220216
파생결합펀드,4,경제,20220209,20220216
재고자산,3,경제,20220209,20220216
경영분석,4,경제,20220209,20220216
화면조정,3,경제,20220209,20220216
인터넷데이터센터,6,경제,20220209,20220216
확장현실,4,경제,20220209,20220216
건설본부,3,경제,20220209,20220216
작업매뉴얼,3,경제,20220209,20220216
방송서비스,3,경제,20220209,20220216
식품소재,3,경제,20220209,20220216
생산역량,3,경제,20220209,20220216
건강반찬,4,경제,20220209,20220216
방학기간,3,경제,20220209,20220216
명품잡화,4,경제,20220209,20220216
고용연장,6,경제,20220209,20220216
자동차튜닝,7,경제,20220209,20220216
금융불균형,3,경제,20220209,20220216
예비타당성,3,경제,20220209,20220216
주택정비,4,경제,20220209,20220216
중계무역,3,경제,20220209,20220216
농장고유번호,3,경제,20220209,20220216
아직,74,경제,20220209,20220216
목적으로,26,경제,20220209,20220216
관리계획,6,경제,20220209,20220216
가슴줄,5,경제,20220209,20220216
불만족,3,경제,20220209,20220216
복수의결권,24,경제,20220209,20220216
김영,13,경제,20220209,20220216
수출물가지수,3,경제,20220209,20220216
순투자,7,경제,20220209,20220216
포항경주공항으로,5,경제,20220209,20220216
공항명칭,8,경제,20220209,20220216
관리지침,3,경제,20220209,20220216
확대거시경제금융회의,5,경제,20220209,20220216
조업일수,10,경제,20220209,20220216
S22,104,경제,20220209,20220216
정책역량,3,경제,20220209,20220216
조용,11,경제,20220209,20220216
업무규정,3,경제,20220209,20220216
전기압력밥솥,4,경제,20220209,20220216
기흥모터스,6,경제,20220209,20220216
화창상사,5,경제,20220209,20220216
제어장치,13,경제,20220209,20220216
대도시,10,경제,20220209,20220216
한국관광공사,3,경제,20220209,20220216
배가,9,경제,20220209,20220216
분양원가,10,경제,20220209,20220216
블룸버그통신,4,경제,20220209,20220216
제타플렉스,5,경제,20220209,20220216
재배과정,4,경제,20220209,20220216
생산공정,3,경제,20220209,20220216
생산과정,3,경제,20220209,20220216
K-푸드,9,경제,20220209,20220216
한국바른채용인증원,4,경제,20220209,20220216
MZ,34,경제,20220209,20220216
내에서,15,경제,20220209,20220216
코팅종이,8,경제,20220209,20220216
기자발표회,3,경제,20220209,20220216
탈탄소화,3,경제,20220209,20220216
한국농촌경제연구원,7,경제,20220209,20220216
연구개발,21,경제,20220209,20220216
연례협의,3,경제,20220209,20220216
물류난,4,경제,20220209,20220216
인상요인,3,경제,20220209,20220216
외식품목,4,경제,20220209,20220216
GV70,5,경제,20220209,20220216
이밖에,14,경제,20220209,20220216
네이버부동산,4,경제,20220209,20220216
일주일,11,경제,20220209,20220216
콘텐트,21,경제,20220209,20220216
영끌족,5,경제,20220209,20220216
D씨,5,경제,20220209,20220216
하더,12,경제,20220209,20220216
경상수지,24,경제,20220209,20220216
운송수지,3,경제,20220209,20220216
본원소득수지,6,경제,20220209,20220216
직접투자,4,경제,20220209,20220216
페드워치,4,경제,20220209,20220216
역세권,12,경제,20220209,20220216
단적,3,경제,20220209,20220216
주주님,3,경제,20220209,20220216
제조기업,12,경제,20220209,20220216
리쇼어링,6,경제,20220209,20220216
힘겨루기,4,경제,20220209,20220216
택소노미,9,경제,20220209,20220216
무관,9,경제,20220209,20220216
스터디플래너,4,경제,20220209,20220216
힙마비,4,경제,20220209,20220216
전화번호,5,경제,20220209,20220216
바닥으로,3,경제,20220209,20220216
최고기술책임자,4,경제,20220209,20220216
예로,3,경제,20220209,20220216
리차지,3,경제,20220209,20220216
대양일반산업단지,3,경제,20220209,20220216
에코비스,3,경제,20220209,20220216
요동,3,경제,20220209,20220216
가중평균,6,경제,20220209,20220216
AI연구원,8,경제,20220209,20220216
살기,5,경제,20220209,20220216
가르,5,경제,20220209,20220216
오산캠퍼스,3,경제,20220209,20220216
상속증여세,19,경제,20220209,20220216
단기거래자,3,경제,20220209,20220216
자산거래,3,경제,20220209,20220216
청약철회,7,경제,20220209,20220216
물가상승압력,5,경제,20220209,20220216
거침,3,경제,20220209,20220216
CJ대한통운본부,7,경제,20220209,20220216
점거자,5,경제,20220209,20220216
텐텐,10,경제,20220209,20220216
딥티크,10,경제,20220209,20220216
부문으로,5,경제,20220209,20220216
명암비,3,경제,20220209,20220216
마음챙김,5,경제,20220209,20220216
둔촌주공,6,경제,20220209,20220216
경쟁률,19,경제,20220209,20220216
토지용도,3,경제,20220209,20220216
성남도시개발공사,4,경제,20220209,20220216
물가지수,3,경제,20220209,20220216
연간으,3,경제,20220209,20220216
엔진음,3,경제,20220209,20220216
GV60,5,경제,20220209,20220216
주행모드,3,경제,20220209,20220216
GTX-D,5,경제,20220209,20220216
부천종합운동장,5,경제,20220209,20220216
노선안,4,경제,20220209,20220216
삼성역,5,경제,20220209,20220216
진단검사,8,경제,20220209,20220216
구매일로,6,경제,20220209,20220216
수신상품,7,경제,20220209,20220216
탄소저감,3,경제,20220209,20220216
경제활동인구조사,4,경제,20220209,20220216
불합리,4,경제,20220209,20220216
AIFB,8,경제,20220209,20220216
정기시험,4,경제,20220209,20220216
긴급재정명령권,8,경제,20220209,20220216
검은돈,3,경제,20220209,20220216
법치국가,4,경제,20220209,20220216
인포테인먼트,16,경제,20220209,20220216
기술인재,4,경제,20220209,20220216
SKHU,5,경제,20220209,20220216
비취업자,3,경제,20220209,20220216
따이궁,5,경제,20220209,20220216
조세전문가,8,경제,20220209,20220216
위믹스,9,경제,20220209,20220216
내비,14,경제,20220209,20220216
기어노브,4,경제,20220209,20220216
세목별,5,경제,20220209,20220216
디스커버리자산운용,7,경제,20220209,20220216
플레저,6,경제,20220209,20220216
더현대서울,8,경제,20220209,20220216
콘래드호텔,3,경제,20220209,20220216
투자전문회사,4,경제,20220209,20220216
라틴아메리카,4,경제,20220209,20220216
안전경영목표,3,경제,20220209,20220216
박미주유소,8,경제,20220209,20220216
핵심전략산업,3,경제,20220209,20220216
핵심제품,3,경제,20220209,20220216
이웃집통통,4,경제,20220209,20220216
디저트랜드,5,경제,20220209,20220216
보안인력,3,경제,20220209,20220216
집단폭력,4,경제,20220209,20220216
성과공유회,3,경제,20220209,20220216
아레브,4,경제,20220209,20220216
유상운송종합보험,3,경제,20220209,20220216
울산발전본부,3,경제,20220209,20220216
리오프닝,7,경제,20220209,20220216
세미산업,3,경제,20220209,20220216
국제금융체제,3,경제,20220209,20220216
하락국면,3,경제,20220209,20220216
쿠팡플레,3,경제,20220209,20220216
유앤아,7,경제,20220209,20220216
검정보리,3,경제,20220209,20220216
오메가-3,7,경제,20220209,20220216
DHA,3,경제,20220209,20220216
미디움,4,경제,20220209,20220216
사업분야,3,경제,20220209,20220216
끌어올리기,5,경제,20220209,20220216
노동쟁,3,경제,20220209,20220216
집단행동,3,경제,20220209,20220216
방역조,9,경제,20220209,20220216
아너스기업,8,경제,20220209,20220216
감정평가서,14,경제,20220209,20220216
비용전가,3,경제,20220209,20220216
특허법인,3,경제,20220209,20220216
시너지IP,6,경제,20220209,20220216
특허변호사,3,경제,20220209,20220216
ICE선물거래소,3,경제,20220209,20220216
BGP,3,경제,20220209,20220216
DAO,32,경제,20220209,20220216
지방교부금,3,경제,20220209,20220216
상환기금,3,경제,20220209,20220216
국무회의,4,경제,20220209,20220216
자원안보특별법,9,경제,20220209,20220216
핵심광물,11,경제,20220209,20220216
정책기획부문,3,경제,20220209,20220216
섬유산업위원회,3,경제,20220209,20220216
산업별,4,경제,20220209,20220216
집광장치,4,경제,20220209,20220216
판촉비용,4,경제,20220209,20220216
기계장비,5,경제,20220209,20220216
세종지역,7,경제,20220209,20220216
금융감독원으로,4,경제,20220209,20220216
음식업,8,경제,20220209,20220216
해당지역,4,경제,20220209,20220216
기타지역,4,경제,20220209,20220216
의사과학자,12,경제,20220209,20220216
청결도,3,경제,20220209,20220216
사용으로,4,경제,20220209,20220216
구인인원,6,경제,20220209,20220216
백화점세,4,경제,20220209,20220216
유실유기동물,3,경제,20220209,20220216
NST,3,경제,20220209,20220216
실증특례,3,경제,20220209,20220216
디스커버리펀드,19,경제,20220209,20220216
급등기,5,경제,20220209,20220216
개인정보보호위원회,3,경제,20220209,20220216
싱글렉스,7,경제,20220209,20220216
주계약,6,경제,20220209,20220216
FTE,10,경제,20220209,20220216
산림복구사업,4,경제,20220209,20220216
추진과제,3,경제,20220209,20220216
선진국시장,4,경제,20220209,20220216
실천포인트제도,4,경제,20220209,20220216
티삭스,3,경제,20220209,20220216
바닥구조,4,경제,20220209,20220216
세수오차,3,경제,20220209,20220216
사업자대출,3,경제,20220209,20220216
변경안,3,경제,20220209,20220216
신협법,6,경제,20220209,20220216
상호금융업감독규정,4,경제,20220209,20220216
개정사항,3,경제,20220209,20220216
기대인플레이션,3,경제,20220209,20220216
뉴욕상품거래소,3,경제,20220209,20220216
기타소득,3,경제,20220209,20220216
합산액,3,경제,20220209,20220216
발전사업자,3,경제,20220209,20220216
총세입부,3,경제,20220209,20220216
총세출부,3,경제,20220209,20220216
조세심의회,3,경제,20220209,20220216
공포감,3,경제,20220209,20220216
QKD,5,경제,20220209,20220216
메타금융스토리,4,경제,20220209,20220216
핀페,8,경제,20220209,20220216
확인서비스,3,경제,20220209,20220216
어촌사회,5,경제,20220209,20220216
지원정책,3,경제,20220209,20220216
팔기,4,경제,20220209,20220216
스카이바리셀라,4,경제,20220209,20220216
737-8,7,경제,20220209,20220216
AIA바이탈리티,3,경제,20220209,20220216
미나리싱싱주,3,경제,20220209,20220216
여행편의용품,3,경제,20220209,20220216
WM마스터즈,3,경제,20220209,20220216
생애자산설계,3,경제,20220209,20220216
없애기,3,경제,20220209,20220216
근원품목,6,경제,20220209,20220216
기초지자체,3,경제,20220209,20220216
좀비,7,경제,20220209,20220216
우수관로,5,경제,20220209,20220216
비알브이,3,경제,20220209,20220216
주상절리길,3,경제,20220209,20220216
비상대책반,3,경제,20220209,20220216
대외경제안보전략회의,3,경제,20220209,20220216
주주권,3,경제,20220209,20220216
노바백스,5,경제,20220209,20220216
올가니카,7,경제,20220209,20220216
주식수,3,경제,20220209,20220216
출력제어,3,경제,20220209,20220216
풍력발전기,3,경제,20220209,20220216
옥정신도시,5,경제,20220209,20220216
OTA,7,경제,20220209,20220216
업스테이지,3,경제,20220209,20220216
민첩한,5,경제,20220209,20220216
KCD,3,경제,20220209,20220216
닥터나우,3,경제,20220209,20220216
때때,3,경제,20220209,20220216
산업군,3,경제,20220209,20220216
엘에스그룹,6,경제,20220209,20220216
시장금융,7,경제,20220209,20220216
엘지가,3,경제,20220209,20220216
빈집,3,경제,20220209,20220216
숙박음식업,3,경제,20220209,20220216
전자공고,3,경제,20220209,20220216
일부정지,4,경제,20220209,20220216
레드포스,3,경제,20220209,20220216
고용민감,3,경제,20220209,20220216
엘지화학,5,경제,20220209,20220216
전달체계,3,경제,20220209,20220216
디아이360,4,경제,20220209,20220216
트로페오,38,경제,20220209,20220216
콰트,18,경제,20220209,20220216
비례배정,4,경제,20220209,20220216
수소그래핀,3,경제,20220209,20220216
달렸음,3,경제,20220209,20220216
시굴조사,3,경제,20220209,20220216
상동광산,10,경제,20220209,20220216
알몬티대한중석,5,경제,20220209,20220216
메르세데스-AMG,3,경제,20220209,20220216
인체용,7,경제,20220209,20220216
계양전기,6,경제,20220209,20220216
몬테-카를,5,경제,20220209,20220216
DBX,6,경제,20220209,20220216
F-페이스,17,경제,20220209,20220216
하이퍼카,4,경제,20220209,20220216
투자수단,3,경제,20220209,20220216
